DATE,EQ1,EQ2,EQ3,EQ4,EQ5,EQ6,EQ7,EQ8,EQ9,EQ10,EQ11,EQ12,EQ13,EQ14,EQ15,EQ16
1959-03-31,4.495392000004358,1.22724324324372,0.000392846314296591,2.404788897503174e-05,0.07512507610454122,0.27518315377119507,8.808741731569647e-05,0.0014389960492700027,1.0327722841643391e-07,0.00032263578947366867,1.9749987112765988e-05,6.322063443703319e-09,1.7259250460559782e-09,5.391751873536077e-06,8.807965860602174e-05,2.8194711552389975e-08
1959-06-30,0.2937976666580653,0.07899910369997087,2.4730273767481492e-05,1.5115380335717354e-06,0.004828500929079382,0.017957194955215527,5.621409946865441e-06,9.197188813914181e-05,6.5444891940609484e-09,2.0905906071622127e-05,1.2777890148474302e-06,4.0000545162689836e-10,1.0755726045458226e-10,3.435840319546135e-07,5.6213783466985134e-06,1.7597443383119554e-09
1959-09-30,6.54507466666837,1.7641710691823391,0.000551875512580402,3.360177256339636e-05,0.10741421512329907,0.398506738107244,0.00012466257621013277,0.0020474581516758406,1.4466261081071997e-07,0.0004624405087141348,2.8156387525235527e-05,8.808001145324952e-09,2.374124297928505e-09,7.589322783080332e-06,0.0001246470373892361,3.899261746917893e-08
1959-12-31,6.235356666657026,1.6543795878624223,0.0005160598753706225,3.129722089695308e-05,0.1003323177793618,0.3781525057102044,0.00011795922556068206,0.0019450296702707703,1.3866656394510325e-07,0.0004445358840294844,2.6959541756910177e-05,8.409640605552349e-09,2.2312657483603557e-09,7.1529694234337415e-06,0.0001179453128229424,3.6791340924670866e-08
1960-03-31,2.452914999994391,0.6323575663827796,0.00019291857319281291,1.165319076967819e-05,0.03819737640492349,0.14816762307418685,4.5202726995485776e-05,0.0007483311454130614,5.349043212380701e-08,0.00017533345246567578,1.0590966624340892e-05,3.2310741240616217e-09,8.329657447936323e-10,2.730334267682377e-06,4.520068380142739e-05,1.3789747905080911e-08
1960-06-30,-0.1976690000083181,-0.05099819401766581,-1.564276848053936e-05,-9.425057830303452e-07,-0.003072735676141747,-0.0119099234807436,-3.65315241490638e-06,-6.063137062994883e-05,-4.34322139190868e-09,-1.4159670487678966e-05,-8.531463811245477e-07,-2.6168713573306805e-10,-6.75147409021624e-11,-2.2011000545135717e-07,-3.653165760564292e-06,-1.1205421547783902e-09
1960-09-30,-4.238982000002579,-1.0947784090913046,-0.0003341678769110956,-2.0065322259676943e-05,-0.06573666441045134,-0.25453236459725304,-7.769292778936343e-05,-0.001293898019401496,-9.183094530889474e-08,-0.00030085039034766226,-1.8064752632857006e-05,-5.5140473945598225e-09,-1.424082488264949e-09,-4.665483634522238e-06,-7.769896444931312e-05,-2.371666975954428e-08
1960-12-31,4.7115056666661985,1.228234011123277,0.00037977766557339976,2.2737093071545367e-05,0.07353373712044231,0.28207541559413585,8.72194890224609e-05,0.0014568271251427234,1.0344334616402967e-07,0.0003345447810652047,2.002902359249381e-05,6.1930998122356655e-09,1.6144681470920167e-09,5.221330446419925e-06,8.721188244653622e-05,2.6966461460858036e-08
1961-03-31,3.742220666666981,0.971752964596817,0.00029845781080162226,1.7830086074477336e-05,0.058053226871265906,0.22356297668102343,6.866366147306735e-05,0.0011493610293946688,8.120779764917915e-08,0.0002644056052751864,1.5795782619926202e-05,4.851412727723361e-09,1.2597799864242807e-09,4.1017352947203545e-06,6.86589470982879e-05,2.1087457192751902e-08
1961-06-30,3.235181999989436,0.8301724403354456,0.00025071792823627703,1.4943254752430857e-05,0.04947982121450423,0.19282286327279508,5.8233863770240646e-05,0.0009770477663373356,6.853269345357023e-08,0.0002269241524426313,1.3525101468736533e-05,4.084675971728147e-09,1.0481590894843374e-09,3.4706444620863364e-06,5.8230472784859266e-05,1.758601320340017e-08
1961-09-30,5.524817999990773,1.395508461731879,0.00041351559963143103,2.4583294669200395e-05,0.08296227701862335,0.3284476547169106,9.732526359540472e-05,0.0016371082589401453,1.1416375585355555e-07,0.0003852732217568544,2.290429949211581e-05,6.786977935536206e-09,1.7143162251906634e-09,5.78537496642717e-06,9.731579231031517e-05,2.88365132239312e-08
1961-12-31,5.958423999996739,1.4847804634919157,0.00043150632315480664,2.5572260469008956e-05,0.08799220478204006,0.3531127177907365,0.00010262148126205517,0.001731634874818866,1.1967068934458716e-07,0.0004117777470629136,2.4403090379432335e-05,7.092016673267685e-09,1.7672605714583569e-09,6.0810093145888255e-06,0.00010261095117436447,2.9820754882808886e-08
1962-03-31,1.3602886666631093,0.3334858216876455,9.521914516863461e-05,5.61400537521517e-06,0.019661919797613336,0.08020097085454836,2.289952792544625e-05,0.0003883988931434601,2.6669642468188023e-08,9.340503547683454e-05,5.507047666830633e-06,1.5724097911858255e-09,3.8548903926951964e-10,1.3500974912553088e-06,2.2899003549126107e-05,6.538279595090946e-09
1962-06-30,-5.525583000002371,-1.3493487179493968,-0.00038182483154081126,-2.247482674325174e-05,-0.07942484654483906,-0.32524474660067426,-9.203441551353109e-05,-0.001563572685160608,-1.066557084009219e-07,-0.00037691562073671747,-2.218586266033995e-05,-6.277927388378501e-09,-1.5330714013133155e-09,-5.417793079449951e-06,-9.204288662689741e-05,-2.6045350036852516e-08
1962-09-30,-0.17068799999833573,-0.04105050504949759,-1.1475077180023163e-05,-6.740529358562064e-07,-0.00241133135864402,-0.01002631578967339,-2.8027121072859984e-06,-4.771337091469263e-05,-3.257626598595492e-09,-1.165370960354295e-05,-6.845459118998143e-07,-1.9135494587257853e-10,-4.602091050162128e-11,-1.6463345643702443e-07,-2.802719962557987e-06,-7.83459980430775e-10
1962-12-31,6.545448000004399,1.574181818183206,0.0004385972910920799,2.5710609712875643e-05,0.09227866921753503,0.3836947066065477,0.00010690471518626232,0.0018236875363619731,1.2383573130565068e-07,0.0004444622906296658,2.6054416473964004e-05,7.259260877281277e-09,1.745853986840517e-09,6.266093428082542e-06,0.00010689328778967777,2.9782523161526152e-08
1963-03-31,1.2449960000012652,0.29798851124905923,8.21288257517594e-05,4.7933247199760665e-06,0.01739164884145339,0.07266230885988989,2.0026510680004606e-05,0.0003431342339936805,2.3060096370408276e-08,8.366908602130962e-05,4.883219681423023e-06,1.345867653231741e-09,3.2213203763457074e-10,1.168793604941487e-06,2.0026109627035993e-05,5.519410332802729e-09
1963-06-30,4.840719999985595,1.1542012398640509,0.0003145802530006847,1.832791033559711e-05,0.06724546957968869,0.28202749941692673,7.68672559474659e-05,0.0013193495810845945,8.785901760830807e-08,0.00032235649278522516,1.8780965554965334e-05,5.118796178525914e-09,1.2205045728483116e-09,4.4780556878801225e-06,7.686134782658449e-05,2.0948740488341885e-08
1963-09-30,-3.6073469999973895,-0.8491871468922909,-0.00022646917081559081,-1.3176771444411983e-05,-0.04940868952655819,-0.2098881131082635,-5.597492509590296e-05,-0.0009620410376243171,-6.341733932912694e-08,-0.00023779479235308543,-1.383573586741238e-05,-3.6898434473326726e-09,-8.686072145293149e-10,-3.256999968781482e-06,-5.597805846346837e-05,-1.49287521961387e-08
1963-12-31,-6.048064000002341,-1.416740220192878,-0.00037536860701692376,-2.1665047155505768e-05,-0.08176960753746698,-0.349074454577476,-9.248808630690775e-05,-0.0016024485833554536,-1.0462123503944196e-07,-0.0003948681610443927,-2.279049757847318e-05,-6.0383951886936035e-09,-1.4144753311540865e-09,-5.338603321268509e-06,-9.249664114419076e-05,-2.4507199587612064e-08
1964-03-31,1.9105316666536964,0.4397080935923441,0.00011409624272751273,6.564423377680706e-06,0.02529820456777543,0.1099206988469632,2.8522419575960356e-05,0.0004957481746501458,3.21566383557851e-08,0.000123926378377881,7.129991276555447e-06,1.8501028914170298e-09,4.25800435307618e-10,1.6409646206097528e-06,2.8521606070808225e-05,7.400837366122043e-09
1964-06-30,-0.5965196666656993,-0.1364409118614276,-3.502262873311679e-05,-2.01036844807434e-06,-0.007831979327306726,-0.03424141361938382,-8.789330855019095e-06,-0.00015311893282543565,-9.863792107970074e-09,-3.842729224778907e-05,-2.2058028957827602e-06,-5.662012575642379e-10,-1.295062345750775e-10,-5.045294821162671e-07,-8.789408108000885e-06,-2.2561281125656543e-09
1964-09-30,-5.47092999999586,-1.2473620611017395,-0.0003152565565072152,-1.8024960349222185e-05,-0.07131858554032533,-0.31280331618017954,-7.90574760917151e-05,-0.001382715256841749,-8.764305452191833e-08,-0.000346773505175868,-1.9826958557789265e-05,-5.011037994395577e-09,-1.1425075226625378e-09,-4.520510387094612e-06,-7.906372667032535e-05,-1.998245657136577e-08
1964-12-31,2.0968733333429554,0.480603560245072,0.00012109305457119746,6.892034978472905e-06,0.027353646001301968,0.11934395750358817,3.0069948611100017e-05,0.0005283289970954286,3.305499460455087e-08,0.0001311912408770155,7.466775234860057e-06,1.88133150852139e-09,4.312013542334404e-10,1.7113855683772994e-06,3.0069044436475956e-05,7.576207793828608e-09
1965-03-31,-5.712403333338443,-1.2816700321618555,-0.0003153005738520953,-1.785596182196647e-05,-0.07258296704947043,-0.3235022841395221,-7.958402184049529e-05,-0.0014052946576583736,-8.726731469638031e-08,-0.0003547342165193257,-2.0089150329527516e-05,-4.942083740874337e-09,-1.1088363789237368e-09,-4.507325629232728e-06,-7.95903559611677e-05,-1.9579832779041077e-08
1965-06-30,-3.886979666669504,-0.8622403874614974,-0.00020947144280514252,-1.1808526005130382e-05,-0.0486070459135135,-0.21912056297787785,-5.3232835231065145e-05,-0.0009442972641622305,-5.8301950864097715e-08,-0.00023998639637845542,-1.3528744369883938e-05,-3.286653749598966e-09,-7.290713730264797e-10,-3.0010524334281308e-06,-5.323566911674682e-05,-1.2932997086109862e-08
1965-09-30,5.184810666673002,1.1335397172442754,0.0002693912653373154,1.5127541854065285e-05,0.06365339831768324,0.29115064390498446,6.919337644051282e-05,0.0012321956476526452,7.521031420050506e-08,0.00031646860630729634,1.7771148152934124e-05,4.2234003931233095e-09,9.233494519261272e-10,3.885253203522732e-06,6.918858904847447e-05,1.6443007039887002e-08
1965-12-31,9.956503333349247,2.151826957717276,0.0004998748952527166,2.7879246807194225e-05,0.12001265798744498,0.5552985685080785,0.00012899727497672764,0.002312921140333657,1.3863663178808987e-07,0.0005967934065944647,3.328462948098965e-05,7.732104394212879e-09,1.6710837247050302e-09,7.193565913332645e-06,0.00012898063682609262,2.9962531183957194e-08
1966-03-31,-3.175161333347205,-0.6772955062588153,-0.00015359853531826673,-8.511500350111278e-06,-0.03753161400084082,-0.17594820643626008,-3.990191364144913e-05,-0.0007200699335712102,-4.242360174223567e-08,-0.00018706763550735417,-1.0366155131724675e-05,-2.3508590126444123e-09,-5.01463099968679e-10,-2.2112105656502123e-06,-3.990350586757785e-05,-9.049403102031044e-09
1966-06-30,2.677866999991238,0.570730392155383,0.00012899083374406928,7.0901354226049484e-06,0.031370878478355735,0.14719216182038508,3.326691540284088e-05,0.0006052249919257235,3.5276374116526704e-08,0.00015608317466497823,8.579298338085017e-06,1.939008086437996e-09,4.13258330440736e-10,1.828494956959692e-06,3.3265808751958836e-05,7.51840880571235e-09
1966-09-30,-4.278223666668055,-0.8927845715079457,-0.00020008381153457933,-1.0892471638851431e-05,-0.04860278575370103,-0.2329045493315789,-5.2196724093400704e-05,-0.0009588016248720521,-5.605934271348326e-08,-0.00025013975833143576,-1.3617494601381175e-05,-3.051845103886619e-09,-6.3686250081049e-10,-2.841714232336423e-06,-5.219944873369187e-05,-1.1698527277399567e-08
1966-12-31,2.2141533333342522,0.4557746672144276,0.00010131342826857903,5.469601482954722e-06,0.024605877407225307,0.11953535244447266,2.6571324004187602e-05,0.0004921806345272728,2.8693002401564832e-08,0.0001290800621838173,6.968636947768392e-06,1.5490472602547323e-09,3.188652244247189e-10,1.4344662305001976e-06,2.657061798772009e-05,5.906340552004532e-09
1967-03-31,0.5405333333474118,0.11092413982260041,2.4440715809870284e-05,1.3140169790315515e-06,0.005963663431202804,0.029060931900858122,6.40320473865863e-06,0.0001190996081419371,6.875097641363681e-09,3.120261689559811e-05,1.6775600480967157e-06,3.696289054523562e-10,7.585243288579552e-11,3.442561149410994e-07,6.403163738011308e-06,1.410855251664277e-09
1967-06-30,1.9237333333294373,0.3979589022201253,8.763143920154093e-05,4.687426541971629e-06,0.02128691640643865,0.10290095390882925,2.2659019903947808e-05,0.00042361037710136884,2.4119019383268825e-08,0.00010953122034518259,5.8588510481460965e-06,1.2901320879055915e-09,2.6688706824679325e-10,1.2120089052797267e-06,2.2658506484307672e-05,4.9894537408460594e-09
1967-09-30,-4.059003999995184,-0.8421170124456694,-0.00018369804160744962,-9.73286222355485e-06,-0.04461783471685976,-0.2150579633353118,-4.691239591758656e-05,-0.0008854245605469657,-4.9327273568067556e-08,-0.00022612835654545194,-1.1980945032630252e-05,-2.613503950831908e-09,-5.422207366887838e-10,-2.4856732432840256e-06,-4.691459679362353e-05,-1.0233874184255266e-08
1967-12-31,6.378458666658844,1.3200452538621903,0.0002857975717267536,1.497576879724849e-05,0.06917026062990317,0.3342306993636157,7.236291482826118e-05,0.0013809738665813143,7.569745294629636e-08,0.000349632304037506,1.8320703418450712e-05,3.966540187918968e-09,8.208899395517345e-10,3.791536303483778e-06,7.235767881574873e-05,1.5665863606432453e-08
1968-03-31,0.41416500000923406,0.08417987804932636,1.7861159739673838e-05,9.256885068753551e-07,0.004362781966847251,0.021464887277033995,4.554387453836739e-06,8.787690592271247e-05,4.754386253615073e-09,2.240748422011052e-05,1.1613104027308196e-06,2.464050921852437e-10,5.008233580894837e-11,2.3603869973853886e-07,4.55436671153997e-06,9.66338669429771e-10
1968-06-30,1.5107580000039889,0.3039754527162586,6.343714618273211e-05,3.2533538223689096e-06,0.015589284205248077,0.07747874249980669,1.6169168497226494e-05,0.0003152826165297995,1.6770351942861292e-08,8.035946808515604e-05,4.121209707441675e-06,8.600621541045511e-10,1.730507352337902e-10,8.292172449589352e-07,1.6168907059466164e-05,3.3743162863202666e-09
1968-09-30,4.949853333324427,0.9977531411641394,0.00020662154820749734,1.0493730228933185e-05,0.050673089952510963,0.25138919925484515,5.205939566566009e-05,0.0010250495006580707,5.3480843512651935e-08,0.0002582532173907026,1.3115958221954216e-05,2.71614238255512e-09,5.474989684639791e-10,2.6438133888320725e-06,5.205668562602295e-05,1.0780254689087259e-08
1968-12-31,0.9523199999966891,0.19262135922326706,3.973307106530655e-05,1.9898372929372243e-06,0.009646502364944354,0.047692307692159375,9.837755576391771e-06,0.00019644030334831086,1.0032701907528724e-08,4.8637385086536256e-05,2.435766480707313e-06,5.02438997769224e-10,1.0162601087672666e-10,4.926712137351408e-07,9.837658795808224e-06,2.0292681851834422e-09
1969-03-31,-4.134239999999409,-0.8296688741720573,-0.0001685031102587331,-8.35248885991402e-06,-0.04112565054879269,-0.20492911668497982,-4.162045198885522e-05,-0.0008396509984223144,-4.212295978711124e-08,-0.00020740334448188236,-1.028072491729426e-05,-2.0879825412466147e-09,-4.1902118026162973e-10,-2.0631597265272084e-06,-4.1622184322909206e-05,-8.453333290601777e-09
1969-06-30,5.56823199999053,1.108767821584479,0.00022450473514279423,1.0988435962144827e-05,0.054268896362486885,0.272538397533026,5.518392540193595e-05,0.0011274627798876224,5.6111286325004686e-08,0.0002771183808887301,1.356362296944802e-05,2.7463798308899703e-09,5.468697393241445e-10,2.7008408939599438e-06,5.518088030442847e-05,1.1173095644138398e-08
1969-09-30,-0.8585820000007516,-0.1682504409145622,-3.384402119355201e-05,-1.633556385438606e-06,-0.008120978903207288,-0.041441355343522446,-8.336038234912913e-06,-0.00017270604014996138,-8.556864086652766e-09,-4.253915772078898e-05,-2.053246342337278e-06,-4.130159323608427e-10,-8.093590679386295e-11,-4.0236063930665367e-07,-8.336107724993269e-06,-1.6768301169247865e-09
1969-12-31,-6.284106666658772,-1.2316947602230357,-0.0002489728860002316,-1.18643262330409e-05,-0.05869405576470399,-0.299457072511359,-6.0531792440920995e-05,-0.001270259664373441,-6.243084851105703e-08,-0.00030885190039242616,-1.4717746027764766e-05,-2.975022564264589e-09,-5.831090874689344e-10,-2.884701299055159e-06,-6.0535456760657524e-05,-1.2236544200540204e-08
1970-03-31,1.688479999982519,0.33029733959119767,6.686507167419364e-05,3.1421556238031556e-06,0.015521491522122233,0.07934586466126348,1.606269954890216e-05,0.0003418142464006735,1.662251157726058e-08,8.211120116641268e-05,3.858609077367348e-06,7.811330628414983e-10,1.528038072846704e-10,7.548139822691202e-07,1.6062441542730177e-05,3.2516650190310675e-09
1970-06-30,-4.189623333353666,-0.8132032867542875,-0.0001643907613972928,-7.618796004860151e-06,-0.03768843151294732,-0.1941707991545627,-3.925203701693469e-05,-0.0008469412027167778,-4.088211758902262e-08,-0.0002022344328249659,-9.372685397662783e-06,-1.894708142408054e-09,-3.677616736040898e-10,-1.8192324141366734e-06,-3.9253577799769346e-05,-7.935193631385595e-09
1970-09-30,-1.4741779999894788,-0.28492037108298973,-5.707131342624905e-05,-2.6234859532292543e-06,-0.013097378463157838,-0.06776583616829157,-1.3573916321951707e-05,-0.0002952869756711607,-1.4067983595536168e-08,-7.023239637860001e-05,-3.228481951805806e-06,-6.466849129151543e-10,-1.2498742035483245e-10,-6.239818229197835e-07,-1.3574100575786119e-05,-2.7189763423878747e-09
1970-12-31,0.8806726666371105,0.17285037618057686,3.499805242057619e-05,1.587789330376177e-06,0.007841864448778324,0.03995429936639994,8.089786638132423e-06,0.00017831507707910532,8.34547942644287e-09,4.1217129483683834e-05,1.8699360077867322e-06,3.7861715935979265e-10,7.431151312143659e-11,3.6701393676258354e-07,8.089721194037836e-06,1.637974372212551e-09
1971-03-31,12.781503999998677,2.445752774587163,0.0004821121038904863,2.1545946723738885e-05,0.10930250154581245,0.5712148730781337,0.00011259911757832697,0.002519517854931763,1.1598210165409198e-07,0.0005883767377623528,2.6294991855690952e-05,5.183325958794645e-09,9.918342822037369e-10,5.031571346285346e-06,0.00011258644044442878,2.2193283898591697e-08
1971-06-30,-7.600156666667317,-1.4582035047315003,-0.00028589719778171485,-1.261125707019417e-05,-0.06432304829002078,-0.33525172768713674,-6.572987184993995e-05,-0.0014900961948391966,-6.717187955689041e-08,-0.000342606611570595,-1.511277510235498e-05,-2.9630295349329086e-09,-5.685014456888578e-10,-2.899611493162313e-06,-6.573419254984891e-05,-1.2887927773786887e-08
1971-09-30,8.827111333346693,1.6913415085909946,0.00032889978858019475,1.4361809029334038e-05,0.0738544827121359,0.3854465452750446,7.49542813240911e-05,0.0017165279966029345,7.606475612700545e-08,0.0003911570753327709,1.7080349125925265e-05,3.321460029127724e-09,6.364169436925423e-10,3.272724492416057e-06,7.494866360091557e-05,1.4574584427485627e-08
1971-12-31,2.060676000008243,0.3943122847304039,7.649795117448122e-05,3.3127468895832735e-06,0.01707570954147286,0.08923765806321171,1.7312415244941093e-05,0.00039977829283444066,1.755209832424859e-08,9.047311576182437e-05,3.917941960945859e-06,7.600943324252121e-10,1.454447631905572e-10,7.497018677665723e-07,1.7312115530465633e-05,3.358610471579067e-09
1972-03-31,0.2360423333448125,0.04454469397023786,8.485775245148375e-06,3.619748003835799e-07,0.0019001277127017602,0.010068776749903918,1.9181044672578196e-06,4.496612302418157e-05,1.9362475826237985e-09,1.0164016075897564e-05,4.335629431306831e-07,8.259384816296277e-11,1.5586685821823753e-11,8.181976658694357e-08,1.9181007880897383e-06,3.65398675699442e-10
1972-06-30,-5.309331666649086,-0.9896237962057057,-0.0001843394917200314,-7.81463782781322e-06,-0.04195276595908126,-0.2250765893704738,-4.1925531946152006e-05,-0.0009889813730801222,-4.19000722954449e-08,-0.00022493990961613974,-9.535796753418202e-06,-1.7762547075081685e-09,-3.310819585289603e-10,-1.7774085281294094e-06,-4.1927289770038456e-05,-7.809892319741432e-09
1972-09-30,3.879706666673883,0.7243664426205214,0.00013366706917850024,5.6127259785432315e-06,0.030416394819326342,0.16291021065171662,3.0061760341038024e-05,0.0007159208225218094,2.9710367513641547e-08,0.0001610059482644033,6.7606948672971345e-06,1.2475484994218362e-09,2.329254106452972e-10,1.2622656585664638e-06,3.0060856658797874e-05,5.547118654523767e-09
1972-12-31,-0.06860133333248086,-0.012744070842018118,-2.312929582970469e-06,-9.590055488617466e-08,-0.0005284049607325869,-0.0028444039035093738,-5.162326868202172e-07,-1.2450499941252247e-05,-5.04341072377068e-10,-2.7788819876306547e-06,-1.1522024995214153e-07,-2.0911396983317506e-11,-3.884710566735231e-12,-2.140446776072169e-08,-5.162329532737431e-07,-9.369144945547275e-11
1973-03-31,12.98674399999436,2.373742277461133,0.0004204077295160147,1.723265000477814e-05,0.09730047046491563,0.5323308739134518,9.427982817622471e-05,0.0023000506881842853,9.134434822031731e-08,0.0005157563145354871,2.1141019615311674e-05,3.74423463765552e-09,6.843784751699484e-10,3.864196603052539e-06,9.427094032810057e-05,1.6696097280248382e-08
1973-06-30,8.700894999958109,1.567728828824329,0.0002746664544686084,1.1088226331917861e-05,0.06328887928725635,0.3512532800441477,6.153965614208445e-05,0.0015243988222977123,5.983509704181843e-08,0.0003415240743152026,1.3787254221270251e-05,2.4155301377279566e-09,4.352306554469365e-10,2.484189949782112e-06,6.153586924584342e-05,1.0781098566057514e-08
1973-09-30,-1.3154520000098273,-0.2364219985647651,-4.164017405638987e-05,-1.6488545994952641e-06,-0.009361764416212282,-0.052088857210947026,-9.174226991648382e-06,-0.0002316859284476891,-8.990528849390014e-09,-5.104586728776894e-05,-2.021298300791674e-06,-3.5600415179009876e-10,-6.398349241382682e-11,-3.632815062520889e-07,-9.174311158766102e-06,-1.6158391174289199e-09
1973-12-31,-0.8020906666642986,-0.1417872841921053,-2.4737681028952352e-05,-9.604255553352647e-07,-0.005504805846726413,-0.03114068667491665,-5.433127366560875e-06,-0.0001399410615832153,-5.362411351983801e-09,-3.073536850184411e-05,-1.1932821563920282e-06,-2.0819238854722722e-10,-3.6802614203374905e-11,-2.1093904126190388e-07,-5.4331568855037204e-06,-9.47924934049547e-10
1974-03-31,10.930220999987796,1.9441872998904728,0.0003421447593785487,1.303756275497503e-05,0.0740840338335147,0.4165004382120969,7.329717780857337e-05,0.0019235378372286505,7.251336405725978e-08,0.00041204653179161,1.5701197720985327e-05,2.763150709040002e-09,4.914889201427673e-10,2.7928135398341825e-06,7.329180572601679e-05,1.2898143731288492e-08
1974-06-30,-5.986983666691231,-1.0477745303942356,-0.00018395373382595892,-6.847847739493984e-06,-0.03900437517756927,-0.22287099976529134,-3.9128601983517974e-05,-0.0010511116350819805,-3.925476042853683e-08,-0.0002235895804814092,-8.32332876002373e-06,-1.4612947336011504e-09,-2.5573936534847646e-10,-1.4566553657793802e-06,-3.913013309086999e-05,-6.869926571384131e-09
1974-09-30,0.008750000066356733,0.0015151515253819525,2.685474678187916e-07,9.712385784510502e-09,5.479752360315615e-05,0.00031645569924876327,5.608902808873495e-08,1.550861629340261e-06,5.741096834044335e-11,3.2391411863841313e-07,1.1714796355200008e-08,2.076346053100399e-12,3.5954044273333197e-13,2.0285361654326373e-09,5.608902498011048e-08,9.94129323132753e-12
1974-12-31,0.6936620000051335,0.11855443513923092,2.1094622280948272e-05,7.411243467259077e-07,0.0041652122102959765,0.024370656642531685,4.336318552677909e-06,0.0001234246349675061,4.5144343441445856e-09,2.5371689831743538e-05,8.913919766762035e-07,1.5860711604086556e-10,2.7107693735410924e-11,1.523486543655861e-07,4.336299749052586e-06,7.715662867998924e-10
1975-03-31,10.88456999999471,1.8526927659586363,0.00033371551554584045,1.1463947631268345e-05,0.06364454709569145,0.37391171418676095,6.735069233365643e-05,0.001960578653829259,7.12678536469568e-08,0.0003956586695750275,1.3591847116939393e-05,2.4482258209249487e-09,4.167192886673555e-10,2.3135058922416074e-06,6.73461565233735e-05,1.21306984930973e-08
1975-06-30,0.03490733332000673,0.005901493379496969,1.0554623850467237e-06,3.5726310271266826e-08,0.00019975944815087132,0.0011815771358669735,2.1132112526522917e-07,6.243060003185974e-06,2.2355192176581884e-10,1.24996419170742e-06,4.2309995340605866e-08,7.567001380690257e-12,1.279290174092734e-12,7.153000053383707e-09,2.1132108052324128e-07,3.77940696317039e-11
1975-09-30,2.2293449999706354,0.37093926787929377,6.522482738180457e-05,2.1694604151467622e-06,0.012337910124188056,0.07415083984597004,1.303845709510476e-05,0.00039200121256754983,1.3778601496306636e-08,7.836010544703953e-05,2.6063564093625757e-06,4.5829374674979896e-10,7.625519912744566e-11,4.336699516369058e-07,1.3038287095978873e-05,2.2926125617893627e-09
1975-12-31,1.4316133332904428,0.23274481113548973,4.038139120510209e-05,1.3210347816206003e-06,0.007614001934712178,0.04683372589988721,8.125684941573397e-06,0.00024838593730081016,8.671684067432933e-09,4.9980681949612915e-05,1.6350654916952312e-06,2.83685032299722e-10,4.6120148315903584e-11,2.6582108465095233e-07,8.1256189154999e-06,1.4098006937475916e-09
1976-03-31,3.5310840000456665,0.5637107279799238,9.565320340954031e-05,3.096474811753458e-06,0.018248380692739374,0.11430785665834264,1.939631822067689e-05,0.0005991716661561952,2.061606833901955e-08,0.00012149618075696367,3.933060786526221e-06,6.673810604696765e-10,1.0654231489002551e-10,6.278832673234369e-07,1.9395942010946854e-05,3.2911986492525306e-09
1976-06-30,-8.181030000036117,-1.3056224066458526,-0.00021993078542603683,-7.048611801369065e-06,-0.04184418968804948,-0.26219569258500997,-4.4166601547379614e-05,-0.0013780863014787315,-4.661996960372318e-08,-0.0002767601488518068,-8.869949004897126e-06,-1.4941340171668264e-09,-2.3845100816566236e-10,-1.4155679867317028e-06,-4.4168552322254584e-05,-7.440148356782639e-09
1976-09-30,2.4221550000074785,0.3833736942069663,6.422649992465779e-05,2.0321626301167406e-06,0.012130159601497326,0.07663834836330352,1.2839203497039264e-05,0.0004057830265224993,1.3589518637778172e-08,8.111704621605043e-05,2.5665890275583525e-06,4.299800233407785e-10,6.805635064068607e-11,4.062344139896257e-07,1.2839038654011148e-05,2.150920961984217e-09
1976-12-31,-6.34389866667334,-0.9968413995375158,-0.0001657987982648379,-5.153512317085385e-06,-0.030984750700554287,-0.1971869534581856,-3.279695238578295e-05,-0.0010551435521577446,-3.471628269862033e-08,-0.00020872665058124795,-6.487835713692158e-06,-1.0790837591290485e-09,-1.6956061582781292e-10,-1.019458785934263e-06,-3.279802806122056e-05,-5.455104132409856e-09
1977-03-31,12.048209999979008,1.8854788732387533,0.00030993879453689033,9.481150031714902e-06,0.05767754277258064,0.36855949831715407,6.058454870272456e-05,0.0019805088970912266,6.363421539332635e-08,0.0003871118132154905,1.1841903126835751e-05,1.946595759969472e-09,3.0463157432919426e-10,1.8531929775918166e-06,6.058087843752169e-05,9.958406164820759e-09
1977-06-30,9.06915766664315,1.3997773833361862,0.00022571015003158834,6.80854725443325e-06,0.04222428835748815,0.27357116426810535,4.4112577661570285e-05,0.0014623760620580128,4.608327926636929e-08,0.0002857927836128482,8.620940050468873e-06,1.3901022372382458e-09,2.1455506053911832e-10,1.3305973221890144e-06,4.411063182785391e-05,7.112714811932392e-09
1977-09-30,-7.692019333335338,-1.1704229052556911,-0.00018538242934873495,-5.524898055331295e-06,-0.034881769841490495,-0.229242991396859,-3.63096300196597e-05,-0.0012183333256814421,-3.7797311034509784e-08,-0.00023863555325842611,-7.1119852553536145e-06,-1.1264621515913041e-09,-1.7140324887282647e-10,-1.0821645245497058e-06,-3.631094845668592e-05,-5.7512646126642655e-09
1977-12-31,10.693870333343511,1.623727654623508,0.000257175416340516,7.502418866961458e-06,0.047367999492962554,0.31196564466063137,4.9410930657689534e-05,0.0016937572920170396,5.1539424648005747e-08,0.0003254043107823179,9.492818074691156e-06,1.5035276597349999e-09,2.2829147581720182e-10,1.4413632059943893e-06,4.940848933832065e-05,7.825603499548662e-09
1978-03-31,-12.605744000000414,-1.920436319320288,-0.0003032021480962044,-8.718216921527189e-06,-0.05521986081191699,-0.3624631663697073,-5.7226375872909685e-05,-0.0019902189001044235,-5.930919539406769e-08,-0.00037565542862871837,-1.0801524775089222e-05,-1.7053653284855195e-09,-2.5980580872716374e-10,-1.6455705019943756e-06,-5.722965091847776e-05,-9.035526415908162e-09
1978-06-30,-1.2970150000182912,-0.19130014749680413,-2.9079135697607228e-05,-8.204479219342531e-07,-0.005397402801463613,-0.036594390994650894,-5.562636910760865e-06,-0.0001971565400253894,-5.7329613268024965e-09,-3.7714888049045214e-05,-1.0640997671895747e-06,-1.6175158217026611e-10,-2.385716551154632e-11,-1.5694686832101734e-07,-5.562667853897807e-06,-8.455695172098366e-10
1978-09-30,4.546824000048218,0.6640607565423124,9.993759837367833e-05,2.772655597976792e-06,0.018423614375251418,0.12614648762792058,1.8984372879282674e-05,0.0006842727360663048,1.9561827789126712e-08,0.00012998353344872982,3.60624607281812e-06,5.427207798566671e-10,7.926402509966579e-11,5.266899478356679e-07,1.8984012479794643e-05,2.8569925206807425e-09
1978-12-31,10.3407086666557,1.4833895662959549,0.0002202813137639481,5.9888345865788395e-06,0.04032922533565397,0.281135029815232,4.1748165903188195e-05,0.0015355810382473578,4.3215226217191774e-08,0.00029101431519684695,7.91186763082763e-06,1.1749014794507117e-09,1.685413110666384e-10,1.1349688180777029e-06,4.174642306653542e-05,6.199286503653619e-09
1979-03-31,7.949781333270948,1.1337394941947423,0.00016805661373098246,4.487253383811396e-06,0.030271801083813443,0.21226586919965484,3.1464620727339465e-05,0.001178412975477272,3.270341282566973e-08,0.0002206229787216074,5.8908196817752945e-06,8.732087158382085e-10,1.2453062119792136e-10,8.401054879883518e-07,3.1463630736139336e-05,4.66392082509111e-09
1979-06-30,-5.302596666675527,-0.757838597499358,-0.00011221604404809682,-2.924577640034398e-06,-0.0197508104638473,-0.13819642081489292,-2.0463269747250656e-05,-0.0007851756602050841,-2.1201863011771627e-08,-0.00014318442844363233,-3.731676529672434e-06,-5.52563539530786e-10,-7.897149343000161e-11,-5.33325215046343e-07,-2.0463688501282107e-05,-3.0301362029337003e-09
1979-09-30,3.7546026667114347,0.5326433063892182,7.828893446415464e-05,1.9967591936564943e-06,0.013585066985910998,0.09576113718321722,1.4075155555959284e-05,0.0005518586990334029,1.4582719079590106e-08,9.921437505688857e-05,2.5304625345945464e-06,3.7193223525097663e-10,5.276382965656374e-11,3.5898177536825004e-07,1.4074957448761971e-05,2.0687642331628994e-09
1979-12-31,9.62994133331813,1.3474102886975743,0.0001975509222251759,4.94668775602447e-06,0.03373924000163697,0.24113434829087055,3.5353977392293956e-05,0.0014118964411409252,3.704468535463239e-08,0.00025266594367678863,6.326771426229394e-06,9.276012959320585e-10,1.2978890386617175e-10,8.852345636245484e-07,3.5352727532744765e-05,5.18324966478881e-09
1980-03-31,-17.24859999999171,-2.3996382860277663,-0.00035072053036167006,-8.601361872778712e-06,-0.05885072436615246,-0.4230190067437434,-6.18265891414449e-05,-0.002520979172238924,-6.495694852468557e-08,-0.0004444370007723464,-1.089974250820247e-05,-1.593058210290466e-09,-2.216274638693454e-10,-1.516380426853231e-06,-6.183041190488403e-05,-9.036859839270123e-09
1980-06-30,3.7447299999766983,0.5165857359606889,7.709031335689787e-05,1.846695732610204e-06,0.012374793052117639,0.08970487483475154,1.3386697365502798e-05,0.0005588276815231552,1.448115266979369e-08,9.703887017309398e-05,2.324562706296218e-06,3.468955005348363e-10,4.785425583290928e-11,3.2067356963219606e-07,1.338651816429337e-05,1.9976759097568766e-09
1980-09-30,-4.220262666698545,-0.5899989747995278,-8.815056722699666e-05,-2.06548027617548e-06,-0.013824428857788007,-0.09888613961993542,-1.4774380415416566e-05,-0.0006305410073679241,-1.5789841587010578e-08,-0.00010568270450850292,-2.476280624885696e-06,-3.699761372815563e-10,-5.172321225809919e-11,-3.4618770094682616e-07,-1.4774598700917352e-05,-2.207443252765385e-09
1980-12-31,19.44762999995146,2.666615933085268,0.0003911196643731074,8.93171190621822e-06,0.06089554540039899,0.4441112126050939,6.513897493176657e-05,0.0028524357122705624,6.967356405165014e-08,0.000475027601367195,1.0847855706042075e-05,1.591083901607347e-09,2.181658990273752e-10,1.487433937481103e-06,6.513473212210741e-05,9.553484718431444e-09
1981-03-31,16.053548333293293,2.132511733965657,0.00030677023200986753,6.825762232376409e-06,0.04744925202953709,0.35719796927878633,5.1384338085380676e-05,0.002309366306569416,5.564291157109276e-08,0.0003868014215715476,8.606488698381654e-06,1.2380773773710077e-09,1.6446298849217005e-10,1.1432636421865316e-06,5.1381697870778176e-05,7.391460091801501e-09
1981-06-30,5.796679999970365,0.7803823370995815,0.00011309921725910499,2.4675833935061675e-06,0.017026276063688783,0.12647117860069557,1.8329209447109918e-05,0.000840100985797676,1.9731487961973174e-08,0.00013614687230845135,2.9704340076819324e-06,4.304989300967215e-10,5.7956237223606195e-11,3.9989687771954663e-07,1.83288734932896e-05,2.6563661769090762e-09
1981-09-30,-10.923197333293501,-1.4302995067846496,-0.00020483740487087232,-4.386615660240123e-06,-0.03063002198871345,-0.23392147792765172,-3.350058379714138e-05,-0.0015643432609948604,-3.6641394308241024e-08,-0.00025585252966831007,-5.4791101950502075e-06,-7.846795080529727e-10,-1.0274708760704915e-10,-7.174427386485993e-07,-3.350170612392844e-05,-4.797878002906668e-09
1981-12-31,-5.220420333382208,-0.6876212240968016,-9.956104203734384e-05,-2.095889565650877e-06,-0.014475322065891305,-0.1098966451254455,-1.591199358252915e-05,-0.0007558674311454183,-1.749153265523211e-08,-0.00012080577753881272,-2.5431189090985296e-06,-3.6821953677414307e-10,-4.8500992725752906e-11,-3.349735127888831e-07,-1.5912246777993744e-05,-2.303942657450953e-09
1982-03-31,14.246419000031892,1.9249316308632842,0.0002831101141644865,5.8788984813040734e-06,0.03997200055778194,0.29583277612891834,4.350972766031802e-05,0.0020952979549377915,4.7358501203964565e-08,0.0003220014842160168,6.686493847551933e-06,9.834188426159456e-10,1.328764819105466e-10,9.034581607315906e-07,4.3507834646239196e-05,6.398932739367855e-09
1982-06-30,-21.21453300002031,-2.8468240740767214,-0.0004167964067613994,-8.54388632845482e-06,-0.058356888138860086,-0.4348755304108636,-6.366904091970049e-05,-0.003105966823184758,-6.946917519988667e-08,-0.0004744919033772277,-9.726583100222452e-06,-1.4240447532927383e-09,-1.910956459062498e-10,-1.3052312265483812e-06,-6.367309492461004e-05,-9.322218894232143e-09
1982-09-30,-1.1170250000432134,-0.150016787541972,-2.204787226478544e-05,-4.456366299032677e-07,-0.0030321735733878086,-0.022577564427592733,-3.318210346270334e-06,-0.00016416845688382864,-3.6312421340233686e-09,-2.470747622229652e-05,-4.993931525532069e-07,-7.339549538336147e-11,-9.857036715565074e-12,-6.706864793745715e-08,-3.3182213567961583e-06,-4.876768914911789e-10
1982-12-31,-16.427525666658767,-2.2705633264267817,-0.0003335700054263313,-6.673135123647089e-06,-0.04542307652843647,-0.32863595868275297,-4.828013261959363e-05,-0.00241337898925309,-5.1319371759117605e-08,-0.0003493236248939269,-6.98828945314145e-06,-1.0266543653151346e-09,-1.4190108712036983e-10,-9.659004081737088e-07,-4.828246370336409e-05,-7.0932096418838304e-09
1983-03-31,3.9217959999805316,0.546515607580659,7.924465651498735e-05,1.5734384980481408e-06,0.010851314581486804,0.07786903343640006,1.1290994661905529e-05,0.0005686596551512935,1.1748357313249094e-08,8.102326286074657e-05,1.6087535315012502e-06,2.3326894832325696e-10,3.250682111497559e-11,2.2418527473658245e-07,1.1290867176771968e-05,1.6371735386377494e-09
1983-06-30,-6.829833333322313,-0.9524241156468634,-0.00013502858377378857,-2.661238569429125e-06,-0.018771046249412393,-0.13460717265479616,-1.9083741781278363e-05,-0.0009682899742387008,-1.9402016582540857e-08,-0.00013685212396463697,-2.6971781857121346e-06,-3.8238862773366973e-10,-5.332431010076502e-11,-3.761230212943889e-07,-1.9084105977507093e-05,-2.7056221701818924e-09
1983-09-30,-26.74944533337839,-3.700808706882526,-0.0005143938632716782,-1.0031472820165588e-05,-0.0721714713304209,-0.5216553947766442,-7.250748554410436e-05,-0.003718038843729232,-7.285034635999901e-08,-0.0005241221082883385,-1.0221188585513019e-05,-1.420693988846692e-09,-1.965542319930153e-10,-1.4141102082920742e-06,-7.251274326081081e-05,-1.0078907908142934e-08
1983-12-31,9.986800999962725,1.3663703652928234,0.00018603748650836138,3.600702314976445e-06,0.026445707420521103,0.19329167553678417,2.631753322024366e-05,0.0013597479888929342,2.6189291003203552e-08,0.0001923497881346492,3.722875106637602e-06,5.068862330535212e-10,6.935096908679297e-11,5.093549195027414e-07,2.6316840625928428e-05,3.583156519811146e-09
1984-03-31,18.1642700000084,2.4539678465225734,0.00032771275621001905,6.279225066296856e-06,0.04701988592705675,0.34804119563159475,4.64788239407099e-05,0.002425729821467826,4.594185267913116e-08,0.0003440202651514568,6.591689311219451e-06,8.802807564502928e-10,1.1892471716484153e-10,8.905281425573841e-07,4.647666376000892e-05,6.206680988851384e-09
1984-06-30,-23.94389199995203,-3.2087767354532843,-0.0004212349113776881,-8.002791081707095e-06,-0.06096163719610104,-0.45489573675695283,-5.9716827051747856e-05,-0.0031432549086929384,-5.850092887958562e-08,-0.0004456335752838214,-8.466326758937992e-06,-1.1114242890718229e-09,-1.4894455763470987e-10,-1.1345921681754634e-06,-5.9720393364104396e-05,-7.83984573565549e-09
1984-09-30,-5.400773333327379,-0.7162829354492715,-9.313279579359346e-05,-1.7537811801970893e-06,-0.013488304750239877,-0.10170181781722931,-1.322351009869216e-05,-0.0007022212802851868,-1.2964085174295426e-08,-9.970658461444515e-05,-1.8775720212194091e-06,-2.4412634028086783e-10,-3.2377498711427425e-11,-2.490148569289641e-07,-1.3223684962149207e-05,-1.7193746915859873e-09
1984-12-31,8.746382999932393,1.154485612452845,0.00014888679297175855,2.7828786933192795e-06,0.021578766984930553,0.16348073867720814,2.108308898063349e-05,0.0011279663435530551,2.059836273836206e-08,0.00015972211468184838,2.9854042855881335e-06,3.8500892952280166e-10,5.08195524706854e-11,3.940607557484377e-07,2.1082644493297664e-05,2.7188968767383193e-09
1985-03-31,22.362200000032317,2.9729061419857317,0.00037971738605957484,7.027899057210352e-06,0.0550232489724749,0.41388487877156876,5.286385670832949e-05,0.0028562341779405642,5.078652521239239e-08,0.00039762091038397784,7.359261713579812e-06,9.399690026341671e-10,1.2496264326469672e-10,9.783650244052366e-07,5.286106226864984e-05,6.7517316155812045e-09
1985-06-30,-14.506665333407,-1.9453755308350082,-0.00024630637470224315,-4.529522503626815e-06,-0.03577504746090199,-0.2667745289154482,-3.377664930948043e-05,-0.0018367066361477669,-3.18909590718737e-08,-0.0002518809815965639,-4.632038353685752e-06,-5.864680398690795e-10,-7.864664608671202e-11,-6.211664682377604e-07,-3.377779020996563e-05,-4.276647320918545e-09
1985-09-30,6.994845999986865,0.9506450122280512,0.0001185518962021348,2.1670730121492454e-06,0.017377344573333176,0.12786250137105526,1.594532322335418e-05,0.0008723048522512045,1.4631077696288831e-08,0.00011732381751095033,2.1446243101408413e-06,2.6744923219100005e-10,3.63480880932591e-11,2.9146837593474473e-07,1.5945068973954868e-05,1.9884585072537254e-09
1985-12-31,24.587353333306964,3.3927629823738243,0.00041997879316379993,7.634312389370734e-06,0.06167314372100918,0.44694527254614513,5.532586188583544e-05,0.003043586314063873,4.9629084368919656e-08,0.0004009243396012607,7.287943350586801e-06,9.021501557607086e-10,1.2448601569795348e-10,1.0056496965067663e-06,5.5322801104096264e-05,6.848224695600504e-09
1986-03-31,-7.28009400004521,-1.0121081607212545,-0.0001241267336764551,-2.2451747942742184e-06,-0.018306771347624817,-0.13168060630323453,-1.6149542295118557e-05,-0.0008928435953308167,-1.4246746375180287e-08,-0.00011616553374960148,-2.1011745061916276e-06,-2.576917551482612e-10,-3.58253517514367e-11,-2.921137920476602e-07,-1.6149803107046168e-05,-1.9806403969181707e-09
1986-06-30,2.9167599999927916,0.41787392550031655,5.101901868176384e-05,9.193444217014957e-07,0.007529938291781946,0.05255896927701542,6.417024063454235e-06,0.000356112750402815,5.468561891947693e-09,4.479054054051801e-05,8.071094790562672e-07,9.85415243124504e-11,1.4117696893250695e-11,1.1563173052744902e-07,6.416982885393274e-06,7.834615890886434e-10
1986-09-30,-0.4250049999682233,-0.06261122568685096,-7.571860908939243e-06,-1.3588394215391375e-07,-0.001123615485312257,-0.007627101913385559,-9.223801994417968e-07,-5.139779185014959e-05,-7.571860909539457e-10,-6.261122568851363e-06,-1.1236154852378721e-07,-1.3588394215648873e-11,-2.001825901122242e-12,-1.655296825997521e-08,-9.223810502057006e-07,-1.1154774467395795e-10
1986-12-31,-33.90812133328291,-5.157128719889442,-0.000620343924413902,-1.1072429308062182e-05,-0.09204884731889251,-0.6052211711212294,-7.28012227004804e-05,-0.004078761303013323,-5.758251251308192e-08,-0.0004787028894108758,-8.544298886428714e-06,-1.0277819675364607e-09,-1.563166490550362e-10,-1.2995131386181469e-06,-7.280652310437397e-05,-8.757796579939351e-09
1987-03-31,11.584665333328303,1.794680919178063,0.00021428324842531765,3.8005613214597833e-06,0.03183074242110706,0.2054674423270626,2.4532623330131287e-05,0.0013831983685932414,1.8907345449492227e-08,0.00015835419875198653,2.808594919509466e-06,3.3534364601149776e-10,5.195099086145451e-11,4.3510378303426855e-07,2.453202149521605e-05,2.9291007667449223e-09
1987-06-30,-24.7019900000887,-3.825614062268869,-0.00045189951158697284,-7.959761005871258e-06,-0.06738439156424647,-0.43510101633000886,-5.1396176814932915e-05,-0.0029179151463125663,-3.92034817454142e-08,-0.00033188217116908447,-5.845774772667012e-06,-6.905303884848901e-10,-1.0694291288276123e-10,-9.053391315898274e-07,-5.139881851778938e-05,-6.071469993104185e-09
1987-09-30,4.581849999900442,0.698985507231555,8.185728632525979e-05,1.4310214035417879e-06,0.012219599091395139,0.0800994720448216,9.380345300291637e-06,0.0005365745118695031,7.20073153924819e-09,6.148758666757459e-05,1.0749202242615885e-06,1.2588251353477374e-10,1.920404478029651e-11,1.6398477868315164e-07,9.380257310231954e-06,1.0985097695305653e-09
1987-12-31,2.935348000144586,0.441472101083491,5.082749876805792e-05,8.815341976664559e-07,0.007656736291437483,0.05090963960174122,5.861320880207188e-06,0.00033795203930964135,4.486883155925721e-09,3.897169410649326e-05,6.759113064386257e-07,7.781891768821113e-11,1.1703852863281821e-11,1.016560845883141e-07,5.861286525354892e-06,6.748207483802705e-10
1988-03-31,-3.9779233333538286,-0.5947851874079788,-6.812673806244618e-05,-1.1723754614056947e-06,-0.010235504859792854,-0.06845505650198902,-7.84084708593813e-06,-0.0004556316241632885,-6.006480961912031e-09,-5.243999648474329e-05,-9.024263721429948e-07,-1.0336398144842457e-10,-1.5455140766552542e-11,-1.3493217286900117e-07,-7.840908565315274e-06,-8.980982299397434e-10
1988-06-30,16.940720000013243,2.522066398683819,0.0002851313241283293,4.859419935387965e-06,0.04298292996600139,0.2887163405830506,3.2640723706123254e-05,0.0019152271041775748,2.4786166742218722e-08,0.00021924058496214371,3.736460988515433e-06,4.224242746979248e-10,6.288883053471347e-11,5.562693149475939e-07,3.263965832400739e-05,3.690065020445178e-09
1988-09-30,28.197660999838263,4.178050229646033,0.0004695964912695416,7.908727137934113e-06,0.07036479157977737,0.4748919783723977,5.337599945387517e-05,0.003169306719570386,4.048680019887174e-08,0.00036021539345743037,6.066581226024659e-06,6.818599828032203e-10,1.010312613427402e-10,8.988859425129725e-07,5.337315060860437e-05,5.99893320476076e-09
1988-12-31,30.632709999918006,4.453076028468786,0.0004939267379828749,8.247232225450096e-06,0.07435424993286688,0.511482885289297,5.673271047879069e-05,0.0033977220305771993,4.328492119289387e-08,0.0003902421758867902,6.515982232210837e-06,7.227403772402669e-10,1.0506474447457569e-10,9.472281192364485e-07,5.672949206103617e-05,6.292327546595505e-09
1989-03-31,-16.773376666824333,-2.3866500664298655,-0.00026205861205852443,-4.330473635599796e-06,-0.03943898316811101,-0.2771771737043309,-3.043456871110184e-05,-0.0018417479255461444,-2.348668980503045e-08,-0.0002139006588759429,-3.534671715696436e-06,-3.881135223520924e-10,-5.5223893333989407e-11,-5.029413368932978e-07,-3.043549500225673e-05,-3.3418739051006494e-09
1989-06-30,-37.09249299997464,-5.128230747955968,-0.0005588239538525386,-9.137231705091953e-06,-0.08385079461663736,-0.6064927974621241,-6.608959692300242e-05,-0.004041973658210907,-5.2094002554606625e-08,-0.0004780576491816291,-7.816636131752208e-06,-8.517798288818309e-10,-1.1776300689650456e-10,-1.0806907412876099e-06,-6.609396504653198e-05,-7.202267738787619e-09
1989-09-30,-28.55449599993881,-3.9078275626088725,-0.00042270474205530206,-6.861421648129973e-06,-0.06343258063520807,-0.46350186670133553,-5.0136407982570574e-05,-0.003088703550183425,-3.962924750053158e-08,-0.000366365101359456,-5.946906167592081e-06,-6.432692838413603e-10,-8.803466317810467e-11,-8.138642627053549e-07,-5.013892176797263e-05,-5.423463459756851e-09
1989-12-31,0.9241816666908562,0.12689573894022033,1.3699156522051226e-05,2.2079388384277365e-07,0.002045221032176414,0.014895344776959973,1.6080418558939158e-06,9.977095695035132e-05,1.2643105130535903e-09,1.171135000443968e-05,1.8875574187005029e-07,2.037731506291827e-11,2.797928746726776e-12,2.5917306311490362e-08,1.6080392701844914e-06,1.7359748907201222e-10
1990-03-31,-16.13892599986866,-2.193981239790446,-0.00023429309674050103,-3.7358978336732296e-06,-0.03498391491211805,-0.25734167809241626,-2.7481264464390698e-05,-0.001723460019618983,-2.1588225715537743e-08,-0.0002021577369513139,-3.2234865731950446e-06,-3.442329578021597e-10,-4.6796215035541135e-11,-4.382118778123445e-07,-2.7482019705038496e-05,-2.934777829731298e-09
1990-06-30,-13.374754666467197,-1.809600144290016,-0.00019254664348444805,-3.036247058857411e-06,-0.02853538766703423,-0.2109050502476748,-2.2440902011866548e-05,-0.0014231122419872122,-1.7648450770886212e-08,-0.00016586442891775022,-2.6154981222076268e-06,-2.7829649884550845e-10,-3.7653429690816376e-11,-3.5387608201750687e-07,-2.244140561735719e-05,-2.387829897283994e-09
1990-09-30,-40.03624000004493,-5.4271709367021685,-0.0005770827156350578,-9.022556529653114e-06,-0.08485257874758645,-0.6259574734212947,-6.655939951916157e-05,-0.004257139193242665,-5.221348151973962e-08,-0.0004910413736718411,-7.67731978848496e-06,-8.163458649116485e-10,-1.1066095498340957e-10,-1.0407102871735907e-06,-6.656382996772514e-05,-7.077874680718344e-09
1990-12-31,5.909397333161905,0.8091739467490697,8.683171090062558e-05,1.3475651949312883e-06,0.012557792953657554,0.09170956194066093,9.841268618693277e-06,0.0006341319847109617,7.712311809906884e-09,7.187007742892604e-05,1.1153714915557167e-06,1.196894873962712e-10,1.6389084950892914e-11,1.527278504116769e-07,9.841171769053858e-06,1.0560470778967412e-09
1991-03-31,39.9331746668322,5.510304217852536,0.0005940852021932841,9.130361046189028e-06,0.08468661868300842,0.613723925596787,6.616772650192004e-05,0.004305335460301762,5.1695042548949646e-08,0.0004794857874736991,7.369108572297112e-06,7.944894116680451e-10,1.0963011062102077e-10,1.0168495339201583e-06,6.616334862352691e-05,7.133302407769495e-09
1991-06-30,-4.80536499992013,-0.6663013033685274,-7.128049094973221e-05,-1.0875046296821012e-06,-0.010165555013827543,-0.07331398275891843,-7.843083389080796e-06,-0.0005140749007352952,-6.051262270347774e-09,-5.6564761044874956e-05,-8.629912433416598e-07,-9.232225601242788e-11,-1.2801200223720269e-11,-1.1966046080565118e-07,-7.843144903540988e-06,-8.390546686533763e-10
1991-09-30,4.93712866678834,0.6889657642750535,7.333453302749149e-05,1.1101705046923094e-06,0.010429867603306775,0.0747404312442086,7.955481836630085e-06,0.0005255152636749472,6.068072018168905e-09,5.700852931056488e-05,8.630202599363423e-07,9.186115049342615e-11,1.2819027420382236e-11,1.2043263465481846e-07,7.955418547478388e-06,8.467864943040217e-10
1991-12-31,-32.30320233339444,-4.57682095967175,-0.00048547140137777944,-7.305924865363966e-06,-0.06887719844803541,-0.48613526664667006,-5.1565217699667265e-05,-0.0034264571509226016,-3.860651788772755e-08,-0.00036396607451472107,-5.477374746251651e-06,-5.809947160620942e-10,-8.231718844759775e-11,-7.760519617830419e-07,-5.156787680848929e-05,-5.4698948551606995e-09
1992-03-31,25.806976000079885,3.7477455707412446,0.0003928271651432169,5.889815958143307e-06,0.05619145931905223,0.3869343888691219,4.0557272687813395e-05,0.0027050078591770443,2.9271808886185448e-08,0.0002792660534582936,4.187148456541445e-06,4.388840243242957e-10,6.373569914656457e-11,6.080668685081586e-07,4.0555627862093324e-05,4.250916190272759e-09
1992-06-30,-41.561954333330505,-6.099494325404521,-0.0006324722106949565,-9.426236801834964e-06,-0.09090561910966244,-0.6194308886151703,-6.423037756786432e-05,-0.004309665643674521,-4.538560371752584e-08,-0.0004376939059920204,-6.523300683972111e-06,-6.764177789985755e-10,-9.926882579963038e-11,-9.573379342493749e-07,-6.423450337433856e-05,-6.660640404685899e-09
1992-09-30,-2.0486249999376014,-0.30417594652681146,-3.123217667067024e-05,-4.632135953974714e-07,-0.00451132289981615,-0.030383759733012994,-3.119743565038746e-06,-0.00021034870987080012,-2.1574226653211723e-09,-2.1011538460236068e-05,-3.1162830493869365e-07,-3.199736989581946e-11,-4.750908670554213e-12,-4.62699784632703e-08,-3.119753297919914e-06,-3.2033001712327216e-10
1992-12-31,43.49291633325629,6.6058499898645096,0.0006712748495854015,9.887829391846958e-06,0.09730368675150203,0.640647473572244,6.510146871585576e-05,0.00441967360966089,4.355359468184109e-08,0.00042860016752577224,6.313249090811324e-06,6.415412612023716e-10,9.743943821433007e-11,9.588774439271003e-07,6.50972307906228e-05,6.615066020927945e-09
1993-03-31,42.26005000027362,6.493554087312077,0.0006587635402297565,9.64938538494664e-06,0.09511577687567296,0.6190134759071952,6.279820008536774e-05,0.004287233119825373,4.1458593171028214e-08,0.0004086650227268507,5.9860117581078676e-06,6.072739588549128e-10,9.331191746414986e-11,9.197928331483585e-07,6.279425671906758e-05,6.370404605275616e-09
1993-06-30,-20.27927333349362,-3.1656686440110207,-0.00031929475917458205,-4.649291734742933e-06,-0.04609570510820049,-0.2952890869219118,-2.9783362852753292e-05,-0.0020454022272673456,-1.9244203355211e-08,-0.00019079790503884198,-2.7782326436909255e-06,-2.8021730087917187e-10,-4.374294425206772e-11,-4.336922640787305e-07,-2.9784249927944373e-05,-3.0040904394466493e-09
1993-09-30,20.199001333327033,3.211798590127728,0.00032240910821812463,4.666914310419434e-06,0.04649120766202941,0.2923832049855264,2.935022409822352e-05,0.0020276308815851962,1.8528457644789546e-08,0.00018457814194317024,2.6717929179354005e-06,2.6820186504592414e-10,4.2646186205273204e-11,4.248358909109129e-07,2.9349362687725034e-05,2.9461691277923733e-09
1993-12-31,43.80478466686327,7.0087655466923025,0.0006941184783393339,9.992923775070661e-06,0.10090216879507352,0.6306385549705738,6.245577359420551e-05,0.004338240489630607,3.865605758841123e-08,0.0003903242069638324,5.619328932254808e-06,5.565145562025505e-10,8.90423289927469e-11,8.990926291599366e-07,6.245187311426648e-05,6.184969214152844e-09
1994-03-31,27.174965999787673,4.338276819893508,0.00042551574257565505,6.096825506535231e-06,0.06215919676583326,0.3893652085407666,3.8190514972891165e-05,0.0026654306115005966,2.346329763640298e-08,0.000239216249998897,3.4275106385733833e-06,3.3618411067733796e-10,5.3669238613812185e-11,5.471760278694116e-07,3.818905651309379e-05,3.745737170562642e-09
1994-06-30,-13.524350000079721,-2.1335147499776212,-0.0002064659391578516,-2.944045902758541e-06,-0.030422283615507695,-0.19284685583988903,-1.8662306977446086e-05,-0.0013087875883286415,-1.1448456860795563e-08,-0.00011830257172906755,-1.6869039174138845e-06,-1.6324621219053319e-10,-2.5752675846136143e-11,-2.6611514709375117e-07,-1.8662655265622163e-05,-1.8060351570921111e-09
1994-09-30,11.946264000143856,1.8756891191878822,0.0001804606047901558,2.5585635568259324e-06,0.026593448636276662,0.16937367436366912,1.6295491293227826e-05,0.0011493535918987163,9.985117501712035e-09,0.00010378429283086632,1.4714497367368518e-06,1.4156861427022248e-10,2.22277617005731e-11,2.31033087884705e-07,1.629522575463671e-05,1.5677684882730789e-09
1994-12-31,-52.96022999996785,-8.17413644080807,-0.0007775293433756048,-1.0964243719630007e-05,-0.11526667758312215,-0.7468128040600277,-7.103733505942067e-05,-0.00503761261573743,-4.378248405815209e-08,-0.0004602835911695635,-6.490637963318946e-06,-6.173938385138416e-10,-9.52915324146014e-11,-1.0017962591944707e-06,-7.104238172095378e-05,-6.757599021168744e-09
1995-03-31,34.603699999977835,5.283007633581292,0.0005007471038922517,7.023101036340851e-06,0.074095478731806,0.485325385694523,4.6001311788224086e-05,0.0032798935304896304,2.855806295598822e-08,0.00030129473225937176,4.225732570251051e-06,4.0053384230073774e-10,6.115020493126163e-11,6.451500107283042e-07,4.599919576475653e-05,4.360009611608187e-09
1995-06-30,44.97416733333375,6.799843866552692,0.0006426027090817854,8.969636652839119e-06,0.09491421047096082,0.6277625880538835,5.932517682172289e-05,0.004250174317860456,3.707840803075964e-08,0.00039235344306209896,5.4765841693699135e-06,5.17551269237963e-10,7.825087227653025e-11,8.280290549386032e-07,5.93216575539568e-05,5.6060489916285846e-09
1995-09-30,-28.757310000015423,-4.283185880252859,-0.00040135785569717086,-5.574801801466744e-06,-0.05949282422716351,-0.3994348218620871,-3.7429219295170846e-05,-0.002694716643148354,-2.3549039964571028e-08,-0.0002513091846543247,-3.4906477485163734e-06,-3.270927142811161e-10,-4.8718009276187433e-11,-5.199058308764937e-07,-3.743062029415434e-05,-3.5074530778557564e-09
1995-12-31,-42.00009266671259,-6.122462487852317,-0.0005698386830434998,-7.877010354179204e-06,-0.08463219827831381,-0.5805768801910745,-5.4036291029735395e-05,-0.003909093365678018,-3.450316307348263e-08,-0.0003707089882025727,-5.124395070665866e-06,-4.769451089732741e-10,-6.9525526089514e-11,-7.469963659873652e-07,-5.40392111081367e-05,-5.0296156083707395e-09
1996-03-31,22.233606666559353,3.168986126940581,0.0002927558028016364,4.027456359911863e-06,0.04359590214517084,0.30586884945114434,2.8256633820999966e-05,0.002053974712453055,1.831398721205673e-08,0.00019824294121040253,2.727238151201128e-06,2.519464467190194e-10,3.591026891668735e-11,3.8871695427593334e-07,2.8255835406332253e-05,2.610317447558478e-09
1996-06-30,40.539286333252676,5.646140157841728,0.0005130421469949908,7.028841185835466e-06,0.07735392250879158,0.5554011636122596,5.046707971434472e-05,0.0036836426154280844,3.2923962003006575e-08,0.0003623353463426682,4.964109908647818e-06,4.510687893434295e-10,6.282295116191838e-11,6.913802101174427e-07,5.046453291679409e-05,4.585510028260495e-09
1996-09-30,-45.70005000021774,-6.201662369407131,-0.0005585103271403824,-7.626796765553001e-06,-0.08468745554273482,-0.6240618598949368,-5.620186536547944e-05,-0.004115662600710834,-3.7299824186135325e-08,-0.00041417482327510413,-5.655808046900468e-06,-5.093516890104517e-10,-6.912086972602932e-11,-7.675136445787351e-07,-5.620502419256823e-05,-5.061721290022933e-09
1996-12-31,-19.470797999878414,-2.5542172372952336,-0.00022766405679952584,-3.09237930481987e-06,-0.03469413940706545,-0.26447342470055446,-2.3573207440730215e-05,-0.0017354831049942732,-1.6017379833718412e-08,-0.00017970279649226484,-2.440917625287642e-06,-2.1756536631855488e-10,-2.854064886787407e-11,-3.202043323217302e-07,-2.3573763149986604e-05,-2.10119111029145e-09
1997-03-31,-12.95990000013262,-1.6698750161158387,-0.00014788563211176609,-1.996835432227506e-06,-0.022547596760887245,-0.1749918984623946,-1.54974397896801e-05,-0.0011477403908202177,-1.0651882977443308e-08,-0.00012027749420084888,-1.624054742105363e-06,-1.4382774746683053e-10,-1.853211538038433e-11,-2.0925843861700766e-07,-1.5497679964004973e-05,-1.3724884650827534e-09
1997-06-30,11.84070000005886,1.4797175706189591,0.000128902781835194,1.7370001594990692e-06,0.019939598040764395,0.1595566635223804,1.3899475276302198e-05,0.0010314800602486685,9.688897804394948e-09,0.00011122205523328432,1.4987475438904552e-06,1.3056054176492833e-10,1.6315988723344255e-11,1.872966188323777e-07,1.3899282083507103e-05,1.2108095231603893e-09
1997-09-30,14.044014666695148,1.7334009709593374,0.0001491365606227646,2.0009735499093573e-06,0.023257137483824408,0.1884293278963014,1.6211887701400585e-05,0.0012083044141633081,1.130066166565944e-08,0.00013134658478008987,1.7622844520476244e-06,1.5162160770819714e-10,1.871409623640586e-11,2.175122750022046e-07,1.6211624880302367e-05,1.3947990206938411e-09
1997-12-31,54.17700600007083,6.610176427537226,0.000563877265667756,7.540784809065282e-06,0.08839852397841241,0.7245143025265861,6.180427229507401e-05,0.004621538069400799,4.320809713362697e-08,0.0005065165108462111,6.773693927888957e-06,5.778260311804187e-10,7.050097989021115e-11,8.264633879796757e-07,6.180045276305002e-05,5.271851773240533e-09
1998-03-31,-51.77401200006716,-6.284779315377818,-0.0005308146230067479,-7.088207873276464e-06,-0.08392350228200485,-0.6913618117978331,-5.839265646001568e-05,-0.00437285086432837,-4.0631066971119796e-08,-0.00048106679468595814,-6.423902609076215e-06,-5.42565024250094e-10,-6.586125567514226e-11,-7.797891003989699e-07,-5.839606636137695e-05,-4.932151853747377e-09
1998-06-30,-4.737995999981649,-0.5690602930553723,-4.762213264442039e-05,-6.344288483728366e-07,-0.007581102447829835,-0.0631202589811437,-5.2822545913988606e-06,-0.00039650187639495016,-3.680514957800189e-09,-4.398028404395404e-05,-5.859116214840254e-07,-4.903234560044026e-11,-5.889063848153622e-12,-7.037132133957957e-08,-5.282282493856982e-06,-4.4205079962440167e-10
1998-09-30,-26.542726000072435,-3.134103908378165,-0.0002590341708295085,-3.436104460088907e-06,-0.04157408415858299,-0.35209091873912257,-2.9100368672541066e-05,-0.0021937603927426608,-2.036980772609793e-08,-0.0002464581943115718,-3.2692833458608517e-06,-2.702067721606821e-10,-3.1905392863631126e-11,-3.8602944218459057e-07,-2.9101215528681834e-05,-2.4052199464150593e-09
1998-12-31,-23.224041000008583,-2.7287088473822223,-0.0002219412133310783,-2.936002187134412e-06,-0.03609737472220331,-0.3072247562613484,-2.4988314614615703e-05,-0.001888941666663868,-1.729852864868365e-08,-0.00021268086022097066,-2.8134994010248215e-06,-2.2883770519379872e-10,-2.688728765050082e-11,-3.3057213030471266e-07,-2.4988939046233227e-05,-2.0324907353534054e-09
1999-03-31,-50.376296666567214,-5.87273218309565,-0.0004731961350934455,-6.2398118954726245e-06,-0.07744092019629534,-0.6642882134437968,-5.352510643930053e-05,-0.004059076446822019,-3.699711168642875e-08,-0.0004591629397818764,-6.054762837492955e-06,-4.878632779910816e-10,-5.6873779201438096e-11,-7.058478476915098e-07,-5.352797152968769e-05,-4.313023045752085e-09
1999-06-30,47.04755733336788,5.440910990320845,0.0004347717439223686,5.7115123607148766e-06,0.07147619597913035,0.6180546666328155,4.93874473832534e-05,0.0037594712697028854,3.4123241586308736e-08,0.00042703216749373496,5.60983904120127e-06,4.4827042886887993e-10,5.1841150557259226e-11,6.487613092628214e-07,4.938500838369553e-05,3.9462520627148905e-09
1999-09-30,9.717039000010118,1.1017051020462532,8.688541801404881e-05,1.1373478985415852e-06,0.014421545194636565,0.12719802861465723,1.0031408465227543e-05,0.0007663293868773735,6.9776258364989685e-09,8.847613512230623e-05,1.15817071096036e-06,9.133854982171794e-11,1.0355844651066217e-11,1.313118719904749e-07,1.0031307836944059e-05,7.911140404202139e-10
1999-12-31,-51.55834833357949,-5.791771324817091,-0.00044938276290018564,-5.850195442316797e-06,-0.07539896276534819,-0.6712015665380022,-5.2078439827463185e-05,-0.004000405355341741,-3.59727116659974e-08,-0.00046362641628405754,-6.0356234626579575e-06,-4.683032176799916e-10,-5.260651737580476e-11,-6.780075783724415e-07,-5.208115213251041e-05,-4.040969632223006e-09
2000-03-31,17.63243333331775,1.961556717462372,0.00015164426000069398,1.9611284836767995e-06,0.025367691140900206,0.22803017566548078,1.762858393994371e-05,0.0013631302531535994,1.2250286859569193e-08,0.00015846054760082495,2.0492796327237217e-06,1.5842595356753712e-10,1.762442469319411e-11,2.2797637476076882e-07,1.7628273178416087e-05,1.3628086394025952e-09
2000-06-30,-43.197443000157364,-4.669489028223325,-0.00035453481257619046,-4.5565927561525e-06,-0.06001373948629407,-0.5551871039897378,-4.2153039587211616e-05,-0.003279801551158812,-2.96091139401905e-08,-0.0003899742078186108,-5.012070993848372e-06,-3.805456313733552e-10,-4.113562116232778e-11,-5.417869412879112e-07,-4.215481654079589e-05,-3.2006392757758396e-09
2000-09-30,-48.84973666688893,-5.213419067978975,-0.00039543860484059223,-5.052689071985417e-06,-0.06661409692947018,-0.6241740882269369,-4.7343696604418284e-05,-0.0037052597273543597,-3.3649510147357696e-08,-0.0004436314403371,-5.668469651512464e-06,-4.299542586839181e-10,-4.588626026507005e-11,-6.049594078443715e-07,-4.734593813626731e-05,-3.5911963871127894e-09
2000-12-31,20.611999999848194,2.1592289964173688,0.00016281015637709118,2.0690595310263182e-06,0.027440384765441195,0.2619459129709867,1.9751242283261305e-05,0.0015541857527807679,1.4216413874346308e-08,0.0001885416349036717,2.396065917356638e-06,1.806681307719147e-10,1.8926056020685827e-11,2.510020864592011e-07,1.975085217931216e-05,1.489253496157793e-09
2001-03-31,25.550462666898966,2.6898055234050844,0.00020347639389051153,2.569016639183963e-06,0.0339604757766665,0.3225905594026699,2.4403089055713423e-05,0.0019328222655587979,1.753497882149308e-08,0.00023179928632011126,2.9266108570458194e-06,2.2139006643056831e-10,2.3306670852686157e-11,3.080967319758071e-07,2.44024935593945e-05,1.8459815582188123e-09
2001-06-30,-45.55810200050473,-4.8163761497417,-0.00036209559311828343,-4.544201311684759e-06,-0.0604442120618387,-0.5717418018957687,-4.2983600207380235e-05,-0.003425062215313801,-3.056817589677796e-08,-0.0004065993514643651,-5.102711387178216e-06,-3.8362230208341223e-10,-4.055632752746833e-11,-5.394556916345217e-07,-4.2985447876731087e-05,-3.2316498463656534e-09
2001-09-30,57.97923466702923,6.372745072207181,0.00048102934526284,6.013167474158698e-06,0.07966329656733251,0.7247766721702646,5.470779768002032e-05,0.004376404983204907,3.756785781614848e-08,0.0004977043149843041,6.221615018051074e-06,4.696217037887225e-10,5.1618125278975446e-11,6.838442534688044e-07,5.470480490055163e-05,4.129243549817535e-09
2001-12-31,15.104155000066385,1.662354721542215,0.0001251313219547967,1.5593659661722326e-06,0.020715991296128777,0.18822549691685708,1.4168399168790202e-05,0.0011369431912982009,9.690132031742009e-09,0.00012873225091603047,1.6042401509985815e-06,1.2075683259666682e-10,1.3290428417123015e-11,1.7656175996076662e-07,1.4168198428032852e-05,1.0664904283319305e-09
2002-03-31,-6.16797333303839,-0.6815440147038316,-5.0880820753107514e-05,-6.320284799826714e-07,-0.008465964606784837,-0.07661697969160741,-5.719857743780032e-06,-0.00046047142781446837,-3.864528292534843e-09,-5.17650086706567e-05,-6.43011635076407e-07,-4.800417733912194e-11,-5.30432898767282e-12,-7.10510094006217e-08,-5.719890460831323e-06,-4.270197008222464e-10
2002-06-30,-43.74974799994379,-4.781393224038766,-0.0003547723473396047,-4.391670863163055e-06,-0.05918811165770421,-0.5415712216672546,-4.0183788397873954e-05,-0.0032461669781582714,-2.7282535185559932e-08,-0.00036769643927669904,-4.551656156343009e-06,-3.377261946867888e-10,-3.690996663257306e-11,-4.974487602567301e-07,-4.018540319972175e-05,-2.981697834478019e-09
2002-09-30,54.10954799992032,5.882111968676327,0.00043468996108231295,5.3551712546617836e-06,0.07246479042873943,0.6666036071546841,4.9262220371604215e-05,0.003998712952011374,3.348725359693123e-08,0.0004531408424739425,5.582477239376993e-06,4.1254685848442175e-10,4.484692450104068e-11,6.068569669941126e-07,4.92597937248318e-05,3.6403145555889997e-09
2002-12-31,-18.91159800020978,-2.0709152431227267,-0.00015284160430972804,-1.8721870245486105e-06,-0.025367050186332563,-0.2316519023024739,-1.709681190831258e-05,-0.0013957495305589873,-1.1523057382627558e-08,-0.00015613075568410295,-1.9124764899097757e-06,-1.4114820772888315e-10,-1.545643974261089e-11,-2.0942580923263843e-07,-1.7097104214158776e-05,-1.2618328277061181e-09
2003-03-31,-38.782529999734834,-4.286309681672719,-0.00031472010376454307,-3.835944954150294e-06,-0.05224339913070253,-0.472698275334551,-3.470762994506327e-05,-0.002847587498848725,-2.3058633385184858e-08,-0.0003140455355197247,-3.827723024193985e-06,-2.810486121664768e-10,-3.1061959788403207e-11,-4.2304631124936987e-07,-3.4708834606433925e-05,-2.5484784908465577e-09
2003-06-30,49.26290400000289,5.515327362300013,0.0004013743115685031,4.875307447860244e-06,0.06699212129910848,0.5983736274429248,4.354624612434854e-05,0.0035850753509265587,2.8304716176560593e-08,0.00038893813358598095,4.724250966703369e-06,3.4380424857272064e-10,3.849129518280073e-11,5.289130056776448e-07,4.354434993125711e-05,3.1689113498252573e-09
2003-09-30,24.051028000190854,2.689970696810633,0.00019255121447869783,2.325610107725695e-06,0.03248913832544531,0.29048538576898864,2.0793279973174705e-05,0.001721600408657764,1.3307570601028829e-08,0.00018590885058422657,2.2453844459174865e-06,1.6072721630252845e-10,1.7976425042283893e-11,2.511334801381243e-07,2.079284762168676e-05,1.4883760877958986e-09
2003-12-31,-53.698974000290036,-5.93489986739587,-0.00041998023458234,-5.04141639957878e-06,-0.07124216583906673,-0.6445991165146552,-4.5614735583399124e-05,-0.0037999811625155644,-2.9207408182014942e-08,-0.0004127409546264005,-4.954516536953557e-06,-3.506038962621747e-10,-3.874932540470751e-11,-5.475814032901427e-07,-4.561681638248771e-05,-3.228051302173532e-09
2004-03-31,24.27570000011474,2.6847710683650803,0.00018890422466277812,2.251674410438942e-06,0.03200156229036111,0.28935812623058155,2.035964001922963e-05,0.001708071999402705,1.295269583235191e-08,0.00018408811708603423,2.194268038449576e-06,1.5439174959520517e-10,1.7074955717329447e-11,2.426750761383434e-07,2.0359225512689427e-05,1.4325034098923266e-09
2004-06-30,42.50866033323109,4.6893171906413045,0.0003273973067727809,3.871363109086978e-06,0.05544959962435314,0.5026506205958867,3.509390658384959e-05,0.0029678565858830552,2.2210062257214946e-08,0.0003181150992812576,3.761604125393503e-06,2.626265210323861e-10,2.8971486048846873e-11,4.149590871922737e-07,3.509267504475666e-05,2.45008960365336e-09
2004-09-30,-0.1705173330847174,-0.018742287647910416,-1.2963415016997715e-06,-1.5231007413629705e-08,-0.00022020734627403726,-0.002003446435992373,-1.3857170533260188e-07,-1.1794114982421888e-05,-8.720017980259898e-11,-1.2607255506225101e-06,-1.4812547577403024e-08,-1.0245344933627323e-12,-1.1261095775371642e-13,-1.6281103080301174e-09,-1.385717245394602e-07,-9.584543838388367e-12
2004-12-31,-54.38315000012517,-5.951318669307511,-0.0004074684166788245,-4.750710232939714e-06,-0.06938694962468617,-0.6340579456700652,-4.341199010859942e-05,-0.003723446391617813,-2.716191896607375e-08,-0.0003967159878417448,-4.625346716136125e-06,-3.166832105184754e-10,-3.465563695758543e-11,-5.06166197870514e-07,-4.341387479134262e-05,-2.9724139818471324e-09
2005-03-31,-27.220238000154495,-2.9203130565583706,-0.00019774807081063273,-2.287347701204756e-06,-0.03377919859985923,-0.3148559101500723,-2.1320367922905703e-05,-0.0018432097680403103,-1.345703269357932e-08,-0.00019873138643511368,-2.2987216919678755e-06,-1.5565720904518174e-10,-1.6699625474234266e-11,-2.4661749726054283e-07,-2.1320822490622504e-05,-1.443732721115071e-09
2005-06-30,-37.94830733304843,-4.0178197282366455,-0.00027074791491621397,-3.1091145692302424e-06,-0.046138349236798604,-0.4357767085384694,-2.9365587106200408e-05,-0.0025572140563809853,-1.86908080621875e-08,-0.000277366115238209,-3.185114205439543e-06,-2.1463457502520535e-10,-2.2724677080396403e-11,-3.372275495412691e-07,-2.936644946927025e-05,-1.9789103295213186e-09
2005-09-30,-54.18866733345203,-5.670049945940264,-0.00037910802524088183,-4.314222924198252e-06,-0.06452477349307628,-0.6166632602744357,-4.1231028486632404e-05,-0.003623135397234023,-2.6347520705113925e-08,-0.00039406118679430335,-4.484388861247801e-06,-2.9983295064714795e-10,-3.1373124479100204e-11,-4.6922557928735786e-07,-4.1232728554385645e-05,-2.7568819404682728e-09
2005-12-31,10.909946666564792,1.1263624475104734,7.488498598462456e-05,8.453461193685952e-07,0.012715047101664823,0.12315794622918474,8.188022512234383e-06,0.0007253359742520615,5.272742064905793e-09,7.93085366730395e-05,8.952817821678005e-07,5.95218385145732e-11,6.145141287904793e-12,9.243049578326612e-08,8.187955469085573e-06,5.443673409857549e-10
2006-03-31,27.39360800012946,2.7805123832949903,0.0001823993920329059,2.0446299368037657e-06,0.031168518684125956,0.3070722460761317,2.0143694137386703e-05,0.0017969988103061496,1.3018271548433102e-08,0.00019845167709142686,2.2245701340878332e-06,1.4593002441886565e-10,1.4812223347391322e-11,2.2579883618596697e-07,2.0143288377183488e-05,1.3213836325994118e-09
2006-06-30,56.3499999998603,5.659335141099291,0.0003703383753315137,4.114870837013118e-06,0.06288150156774464,0.6261111111107311,4.0971768924258356e-05,0.003687459203177923,2.669492666393207e-08,0.00040793918918780037,4.532657657652095e-06,2.9661029626587424e-10,2.978912285488605e-11,4.5522322563579243e-07,4.0970090307124174e-05,2.6810210569346623e-09
2006-09-30,-25.79334266646765,-2.54723905454739,-0.00016643707570374033,-1.8364862482272981e-06,-0.02810653500614535,-0.2846067734735698,-1.859625974964807e-05,-0.0016853418285904809,-1.2304160142465569e-08,-0.00018830922807211437,-2.077826147223183e-06,-1.357655486438234e-10,-1.3407618866764633e-11,-2.0519713087550906e-07,-1.8596605577014813e-05,-1.215105682644325e-09
2006-12-31,59.657219000160694,5.817946069844766,0.00037696518377572374,4.143977307996538e-06,0.06395666637149588,0.6558116569758567,4.2492343316213876e-05,0.003865400994442325,2.8230403835015523e-08,0.00043569797453635317,4.789626727674801e-06,3.103367576710064e-10,3.026494613525851e-11,4.6709837406636034e-07,4.24905377937046e-05,2.7531113550889738e-09
2007-03-31,40.78658266644925,3.9221639260067604,0.0002533868515417481,2.7590332161847586e-06,0.04270695375612377,0.44410961210815003,2.8691186415130687e-05,0.00263496986919165,1.927462598154319e-08,0.00029835108748521577,3.2486317085994587e-06,2.0987408379405061e-10,2.0182140955329756e-11,3.1239847183249514e-07,2.8690363254590956e-05,1.8535076431850945e-09
2007-06-30,7.928112999768928,0.757294201903278,4.861374666553786e-05,5.258211920183831e-07,0.008191126322572018,0.08575290147200576,5.504822059076986e-06,0.0005089373138389419,3.6994789113630605e-09,5.762966489619714e-05,6.233401284722051e-07,4.001469840290159e-11,3.8222082721609565e-12,5.9541515756017516e-08,5.5047917562056625e-06,3.533746213940474e-10
2007-09-30,-20.567464999854565,-1.9412425672344398,-0.00012387005461533818,-1.3328963297670748e-06,-0.020888624786039145,-0.22131497960799607,-1.412203661377287e-05,-0.001312403228638459,-9.547528216483948e-09,-0.00014962509093585652,-1.610031860971306e-06,-1.0273560755013348e-10,-9.696612321831948e-12,-1.5196147814741656e-07,-1.4122236048574877e-05,-9.011352729147064e-10
2007-12-31,19.358591333497316,1.8087070292094722,0.00011471366024018437,1.2291583383061688e-06,0.01938031897725523,0.20742755401442992,1.315568169490966e-05,0.0012277803055411596,8.930177269645019e-09,0.0001408034088168364,1.508710328376739e-06,9.568696379053842e-11,8.9402002980177e-12,1.4096144336853134e-07,1.3155508625350976e-05,8.343620732200515e-10
2008-03-31,-62.15476333373226,-5.842162170651136,-0.00037204337660057263,-3.972488138381802e-06,-0.062379607823004335,-0.6636566476299777,-4.226330130419065e-05,-0.003958169483638585,-2.8635353648389164e-08,-0.00044965826661780284,-4.801220080272173e-06,-3.0575360256635475e-10,-2.8738941871158935e-11,-4.512849027405591e-07,-4.226508756621783e-05,-2.6915456009395143e-09
2008-06-30,-34.95582333323546,-3.2837786128220614,-0.0002079291972858499,-2.2089577954576e-06,-0.03488556903016615,-0.3713568823241076,-2.351435573255678e-05,-0.002213406305102694,-1.5850047537478706e-08,-0.00025031620279669653,-2.659260626772242e-06,-1.6838465459902125e-10,-1.581819207127851e-11,-2.4981311665117634e-07,-2.3514908670474455e-05,-1.4889664196699945e-09
2008-09-30,52.77325333352201,5.06558392525767,0.0003224522698506149,3.3999606690315876e-06,0.053411892927670124,0.5564451005211595,3.542079024998479e-05,0.003359307747317075,2.3488924931719217e-08,0.0003690007225269909,3.890771009359972e-06,2.476689680690089e-10,2.3773177967919892e-11,3.734662132222344e-07,3.541953566210676e-05,2.2546481984739904e-09
2008-12-31,49.332211666507646,5.166758657986065,0.0003362328884950472,3.5368735969709686e-06,0.05434974657350722,0.5189313802820834,3.3770069103766787e-05,0.0032103516193586756,2.0982233193424758e-08,0.0003224257314649037,3.3916344760326345e-06,2.2071459731152153e-10,2.3116317271751508e-11,3.5521936280098754e-07,3.3768928724864367e-05,2.1975527014290097e-09
2009-03-31,19.15044999984093,2.091802293813089,0.0001377320649940117,1.449536561434761e-06,0.02201480028838887,0.20154549664039223,1.3270507219997896e-05,0.001260937055036493,7.999346920213764e-09,0.00012148988136750916,1.2785985957081136e-06,8.41877004375169e-11,9.195816541458102e-12,1.3966123382953832e-07,1.327033111597764e-05,8.737680961390772e-10
2009-06-30,58.71225599991158,6.651439447130542,0.0004386980260040474,4.625079344705574e-06,0.07012439850655028,0.6189880656183959,4.082557537588016e-05,0.003872387475553296,2.376718514422553e-08,0.0003603526422377712,3.7991043123769552e-06,2.505712599012327e-10,2.838691060399015e-11,4.3039586636317573e-07,4.0823908716292046e-05,2.692555244615687e-09
2009-09-30,-31.719237999990582,-3.6496649407490622,-0.00023984685592992605,-2.5259268269933743e-06,-0.038436136873997384,-0.3340484655727778,-2.1952830053351136e-05,-0.0020845090248826637,-1.25386515511779e-08,-0.00019079623451112582,-2.0093543664362334e-06,-1.320497456794298e-10,-1.5193849462610755e-11,-2.3119944384322744e-07,-2.195331199073003e-05,-1.4427167818699058e-09
2009-12-31,52.140615000156686,5.994552195916185,0.00038978423690494424,4.091492719460188e-06,0.06292370071378173,0.5473103488093329,3.55878036739643e-05,0.0033903432925939114,2.012670402258901e-08,0.0003095317008021681,3.249096757557135e-06,2.1126627292376951e-10,2.4289063339022982e-11,3.735452698966357e-07,3.5586537227239035e-05,2.3139461971142476e-09
2010-03-31,-43.11870066658594,-4.951619277271675,-0.0003203675191247868,-3.3537206532707753e-06,-0.0518353042864419,-0.45138182972732466,-2.9204199448740198e-05,-0.002789760356549209,-1.6454232993159436e-08,-0.00025431759594241043,-2.6622866648035037e-06,-1.7224873849216955e-10,-1.9780516592866578e-11,-3.0572883151155916e-07,-2.920505235892712e-05,-1.8895536280533762e-09
2010-06-30,-15.462976000038907,-1.7688144589192234,-0.00011334465097689872,-1.1807718453271665e-06,-0.018426686171096662,-0.1610860905093432,-1.0322307471888337e-05,-0.0009908589388487599,-5.78243588721019e-09,-9.023854338963133e-05,-9.400631655748226e-07,-6.023872705176753e-11,-6.8907260411788415e-12,-1.075341072489383e-07,-1.0322414023100634e-05,-6.614545741511066e-10
2010-09-30,58.84647600003518,6.786584707646398,0.0004315441315139168,4.482085244533751e-06,0.07048653650372216,0.6111887580245821,3.886416115550517e-05,0.0037419191643692784,2.1427699503856826e-08,0.0003369780450093174,3.499906992068813e-06,2.2255145825644525e-10,2.5666181323637374e-11,4.0363360535866644e-07,3.886265079111606e-05,2.4711912701964964e-09
2010-12-31,-29.517103333491832,-3.49977511659381,-0.00022139272669363663,-2.2860286092718507e-06,-0.036137528825292975,-0.3047839181126619,-1.9280365290641477e-05,-0.0018672262569339182,-1.0286803362033123e-08,-0.00016261373611214935,-1.6790960505747021e-06,-1.0621815420373549e-10,-1.2594042471447402e-11,-1.9908656041789374e-07,-1.9280737030280548e-05,-1.2196826371823526e-09
2011-03-31,-9.606206000084057,-1.1707746496249456,-7.424104356879013e-05,-7.626511984853979e-07,-0.012026941524254653,-0.09868105520763493,-6.257553083588441e-06,-0.0006091477624750041,-3.25579163618344e-09,-5.134354433522503e-05,-5.27433529226573e-07,-3.3445561565146275e-11,-4.076241506949421e-12,-6.428196577985823e-08,-6.257592240821452e-06,-3.9680580574282497e-10
2011-06-30,-45.97677100007422,-5.715660243673483,-0.00035999988685730955,-3.673880607596436e-06,-0.05832961091186917,-0.46920339017560764,-2.9552695607559798e-05,-0.002895839089887886,-1.4973314839102428e-08,-0.0002377289089974255,-2.426077508665969e-06,-1.5280607863231758e-10,-1.8996280287523855e-11,-3.016008837224138e-07,-2.9553568995144275e-05,-1.861426509092612e-09
2011-09-30,-65.5489799999632,-8.701577060943237,-0.0005482799015421591,-5.560930083081672e-06,-0.08825576409481073,-0.6648306709248573,-4.189048631586534e-05,-0.004130192498308816,-1.988409907078192e-08,-0.0003155742529772354,-3.2007125409655446e-06,-2.0167451768064932e-10,-2.6772138282282035e-11,-4.248921466817879e-07,-4.189224120221269e-05,-2.639598973940135e-09
2011-12-31,62.82410533330403,8.560308670566883,0.0005333957020692282,5.403445327595291e-06,0.08671828383558022,0.6364254850723228,3.9655885259115564e-05,0.003914591057480266,1.8133740731392494e-08,0.0002910230011421433,2.948143132106007e-06,1.836997865690523e-10,2.5030629046005547e-11,4.017091064321271e-07,3.96543127323401e-05,2.4708735156525738e-09
2012-03-31,-49.561984000494704,-6.826719559292542,-0.0004219241693981246,-4.248428397080062e-06,-0.06873943551499906,-0.49904830183913873,-3.084359016281013e-05,-0.003063169469839977,-1.3840037967234597e-08,-0.0002239313714289537,-2.254804219281592e-06,-1.3935776753524912e-10,-1.919528478450837e-11,-3.1057909356292657e-07,-3.084454151913718e-05,-1.906341317808413e-09
2012-06-30,62.986028666608036,8.790792556392262,0.0005408478373762904,5.424045384005982e-06,0.08816094748362957,0.6316731887181959,3.886328517643811e-05,0.0038751747547962623,1.713112531958336e-08,0.0002784446170167598,2.7924605319057383e-06,1.718043316280236e-10,2.397827377920717e-11,3.8973629195963866e-07,3.886177488021669e-05,2.3909456133431716e-09
2012-09-30,102.04526999988593,14.686999136436498,0.0009020306430294056,8.999607333415316e-06,0.14653296554342887,1.01811104459739,6.252927175265377e-05,0.006267308907766278,2.6681131736383708e-08,0.00043442621578204665,4.334293283281276e-06,2.6619905952663444e-10,3.831304829121503e-11,6.238188375463222e-07,6.252536208728454e-05,3.840116830222001e-09
2012-12-31,-94.62582999980077,-14.04360789549537,-0.0008615691865383468,-8.552573870224123e-06,-0.13940725342490623,-0.9393260735741933,-5.7627242737501305e-05,-0.0058052531788916895,-2.3822938973621678e-08,-0.0003883147390739694,-3.854699706887232e-06,-2.364841368070558e-10,-3.5097081746244274e-11,-5.720836608637259e-07,-5.7630563828015013e-05,-3.5356098209603703e-09
2013-03-31,-93.79438500013202,-13.965810750436503,-0.0008494251431958588,-8.398425398153941e-06,-0.13808258520748495,-0.9273626422545931,-5.6403824974071703e-05,-0.00570473926170223,-2.3041072990423288e-08,-0.0003788294559559091,-3.745557745682415e-06,-2.2781140180934498e-10,-3.39206971128932e-11,-5.577066327696473e-07,-5.640700654496733e-05,-3.4307732266935153e-09
2013-06-30,-78.87605599989183,-11.93103252153378,-0.0007246562931069178,-7.144538915371257e-06,-0.11763056080690149,-0.7776556374956272,-4.7232546769415684e-05,-0.004790702753723508,-1.896631994031039e-08,-0.0003122691159580526,-3.078726938887666e-06,-1.869929402174218e-10,-2.828512179953296e-11,-4.656976159266718e-07,-4.723477778822982e-05,-2.8689033338842574e-09
2013-09-30,51.099842000287026,7.731856861879351,0.0004659220610943038,4.5720768266366285e-06,0.07587243991429204,0.5014409553914447,3.0216855747111637e-05,0.003079278901779503,1.2033760656189347e-08,0.00019969716541279325,1.9596212726680218e-06,1.180868708040492e-10,1.786758523286536e-11,2.9650798497211917e-07,3.0215942716460553e-05,1.8208141407455758e-09
2013-12-31,-57.49139999970794,-8.851639722823165,-0.0005296336286058079,-5.166401293527079e-06,-0.08634482488241702,-0.5608096376126923,-3.355577640140606e-05,-0.003439970417801419,-1.3041058525328341e-08,-0.00021795208127883825,-2.126050639206234e-06,-1.272112229944824e-10,-1.958602355577771e-11,-3.273365110408738e-07,-3.355690242945464e-05,-2.0078612048148687e-09
2014-03-31,127.46532600023784,20.271203244337812,0.0012171792122650515,1.1823932041965524e-05,0.19691868473773866,1.2382246896340803,7.434888467994227e-05,0.007653622886707012,2.806917844542286e-08,0.00046747103091782094,4.541110828593098e-06,2.7266983782578736e-10,4.336352382726596e-11,7.221868366085599e-07,7.434335733413899e-05,4.46392786981626e-09
2014-06-30,120.81577500002459,19.37392158433795,0.0011485532601405168,1.109445312860724e-05,0.18714244466855234,1.1670202849527413,6.918500971009323e-05,0.007162378130232128,2.5575354866032296e-08,0.0004314078735934146,4.167185448857025e-06,2.470452051775253e-10,3.961597260719507e-11,6.682465440773638e-07,6.918022347568442e-05,4.101243564146018e-09
2014-09-30,98.92216799966991,15.804787985282019,0.0009261730814991154,8.90748032253419e-06,0.15200273123173247,0.9513850947769242,5.5751919338709044e-05,0.005796917317084649,2.0447680130803066e-08,0.0003489318095226679,3.3558557135035527e-06,1.9665580013639e-10,3.1419683677395714e-11,5.361648367958882e-07,5.5748811235489804e-05,3.2669244497197697e-09
2014-12-31,-91.62525000027381,-14.874228896165732,-0.0008677454626884185,-8.331689512142137e-06,-0.14281544787445455,-0.8797431589082407,-5.132320739476004e-05,-0.005345312050167195,-1.844483109091988e-08,-0.0003161671842661917,-3.0356906794565264e-06,-1.770987142678917e-10,-2.8749791277211145e-11,-4.928069284836079e-07,-5.132584160172371e-05,-2.994290761518248e-09
2015-03-31,14.082222332945094,2.3357476087403484,0.00013516551832282175,1.2982578383446963e-06,0.02243473541966523,0.13525901984394295,7.827196507381728e-06,0.0008149129099734864,2.7307888633741964e-09,4.718979837914361e-05,4.5325558171299685e-07,2.6229086313676322e-11,4.3504870315604234e-12,7.517923067065779e-08,7.827135242832739e-06,4.5294225631980524e-10
2015-06-30,53.53429166669957,8.832584007061087,0.0005081783285945107,4.854727672726211e-06,0.08437941483862232,0.511423633335653,2.942450442433575e-05,0.0030800688496128714,1.0260511846898416e-08,0.00017833667384792307,1.7036853735552526e-06,9.802069076238136e-11,1.6172362772147886e-11,2.8108981579844095e-07,2.942363864832931e-05,1.6928744179037225e-09
2015-09-30,-15.838786666747183,-2.6271001271670684,-0.00015066170065125561,-1.4350236753335466e-06,-0.02502262262896693,-0.1508613918304036,-8.65175773867577e-06,-0.0009083393932201034,-2.9914354180067028e-09,-5.2161898698166453e-05,-4.968320366782741e-07,-2.849284608852205e-11,-4.725965514844616e-12,-8.240703875880828e-08,-8.651832592132536e-06,-4.961743934350804e-10
2015-12-31,-127.26417433330789,-21.278076297137886,-0.0012184956355625332,-1.1607041747047075e-05,-0.20268888346390668,-1.212282211996353,-6.942171668899988e-05,-0.007287822396293109,-2.37788538679385e-08,-0.0004152401141990225,-3.955458846044424e-06,-2.2651057704822498e-10,-3.7871689859259226e-11,-6.61337376030649e-07,-6.942653639829821e-05,-3.975732129736585e-09
2016-03-31,-113.3511750001926,-19.25775993888965,-0.0010963421656562389,-1.0451805764422062e-05,-0.18359082834149376,-1.0806156156177167,-6.151932872922039e-05,-0.0064530699870459785,-2.0615739269673992e-08,-0.0003621250465908332,-3.4522622297528116e-06,-1.965369109078567e-10,-3.3390572699194854e-11,-5.865209360775975e-07,-6.15231135898675e-05,-3.5025041232863096e-09
2016-06-30,100.27081733359955,17.383983587671537,0.0009866846590895761,9.340420491998902e-06,0.16456495501188328,0.949210660510289,5.3875545397819025e-05,0.005691197113634416,1.7636914386408298e-08,0.0003107374047068845,2.9415862462384146e-06,1.6695931677096056e-10,2.894579000874914e-11,5.099837458791279e-07,5.3872642979735375e-05,3.0577174733718328e-09
2016-09-30,143.96471899957396,25.252537975728046,0.0014247258680200048,1.3449818916627665e-05,0.2383911674396586,1.3590680455745314,7.667741764372238e-05,0.0081223621735802,2.466104619136284e-08,0.0004371044419464454,4.126390714037642e-06,2.3280731613949742e-10,4.083622454643006e-11,7.23801212776029e-07,7.667153866808274e-05,4.325740429985997e-09
2016-12-31,-57.43671999988146,-10.124576062022243,-0.0005683953380106743,-5.33769697719233e-06,-0.09507804766826666,-0.539377764420351,-3.028075495159488e-05,-0.0032245067525309423,-9.644201883873393e-09,-0.00017178792470851079,-1.6132290768730573e-06,-9.056694135312112e-11,-1.596455867317341e-11,-2.8436965923868407e-07,-3.0281671903553686e-05,-1.7000179594400203e-09
2017-03-31,-148.64657499990426,-26.55825888866093,-0.0014839815806979573,-1.3865747074959245e-05,-0.24815004801394025,-1.3888958187344542,-7.760658637845363e-05,-0.008305844907155802,-2.42726114356483e-08,-0.0004343977760887796,-4.058843971865844e-06,-2.267938466302984e-10,-4.0520608653020134e-11,-7.251820567915485e-07,-7.761260962824146e-05,-4.336718141076412e-09
2017-06-30,-134.29393799998797,-24.289010309323203,-0.0013496292457553238,-1.2570008529055876e-05,-0.22621995463532585,-1.2507701291797275,-6.94995771571838e-05,-0.007462100099772329,-2.1353230984344062e-08,-0.0003842898700856523,-3.579151059293628e-06,-1.9887705934065782e-10,-3.596980635560064e-11,-6.473414829611529e-07,-6.950440768416222e-05,-3.8620421385993976e-09
2017-09-30,-71.48074466665275,-13.017800886300392,-0.0007181749188305275,-6.655745612538233e-06,-0.12064354917174569,-0.6624537285024417,-3.6546699158646057e-05,-0.0039434984793160766,-1.10715412829452e-08,-0.00020068525946381754,-1.859867283245109e-06,-1.0260642691110156e-10,-1.868629155183165e-11,-3.387119437703312e-07,-3.654803486874414e-05,-2.0163069173212314e-09
2017-12-31,147.37438333337195,26.809966042113956,0.001465290900622307,1.3483858476326382e-05,0.2467099111263451,1.3561643814609852,7.412077004453899e-05,0.00805470408073461,2.2266966680987814e-08,0.0004074116752672552,3.749072193491576e-06,2.0490445091546494e-10,3.72756869047639e-11,6.820215014552433e-07,7.411527656309147e-05,4.0507488959390945e-09
2018-03-31,-122.79571533342823,-22.302164063439704,-0.0012096901239218028,-1.1071563722875322e-05,-0.20411824954408075,-1.1238750819902634,-6.096002985811477e-05,-0.006660553822314341,-1.820685704246672e-08,-0.0003356663866309617,-3.072151880646745e-06,-1.666363756732012e-10,-3.0264507023955414e-11,-5.579643807922252e-07,-6.096374620989664e-05,-3.3067303019309203e-09
2018-06-30,-75.2842693333514,-13.402932051511016,-0.0007209752107399936,-6.540406868482673e-06,-0.12158618984631175,-0.6829496283680783,-3.673746538013223e-05,-0.00404971775871843,-1.1100692837650531e-08,-0.0002063619242544945,-1.872035163878738e-06,-1.0070117057942173e-10,-1.7927927822546548e-11,-3.33280249932566e-07,-3.6738815071046815e-05,-1.976267195586399e-09
2018-09-30,94.06939700013027,16.762187633663416,0.000897352648401295,8.113715999513715e-06,0.15156096127111596,0.85056011465349,4.5534174189176824e-05,0.005035943062821957,1.3679423759482747e-08,0.00025552615037849336,2.310425693090312e-06,1.236871141125544e-10,2.203975661292889e-11,4.1169381558882334e-07,4.553210092261839e-05,2.4375309621283672e-09
2018-12-31,-174.03517500008456,-31.22267222823575,-0.0016677636657576045,-1.5001247274631924e-05,-0.2808425655789506,-1.5654164605366532,-8.361695230874044e-05,-0.009296114672935119,-2.489786183392526e-08,-0.0004661198676920719,-4.1926680251144766e-06,-2.2395198411440047e-10,-4.017796629248552e-11,-7.521829969697053e-07,-8.362394468819367e-05,-4.466785402569161e-09
2019-03-31,-123.24722999986261,-22.11109257262433,-0.0011740489371376839,-1.0528264945547372e-05,-0.1982808667307836,-1.1052175511576934,-5.868454880642027e-05,-0.006544148775589065,-1.736969602552556e-08,-0.0003271268723397114,-2.933504962068789e-06,-1.557624695152878e-10,-2.7944468876081233e-11,-5.262836315148012e-07,-5.868799288477611e-05,-3.116199502243124e-09
2019-06-30,-176.92025600001216,-31.46927356813103,-0.0016578020360675794,-1.4781742956604393e-05,-0.2805948495620214,-1.5775042442364793,-8.310295890201491e-05,-0.009320163046766083,-2.4614406694248216e-08,-0.00046724366427763897,-4.166164350859203e-06,-2.194736312710293e-10,-3.903835490410176e-11,-7.410466650419056e-07,-8.310986557780176e-05,-4.378229579202848e-09
2019-09-30,29.439065667334944,5.282444943033624,0.0002763847040476719,2.456381738319413e-06,0.04694797179990928,0.2616410468399408,1.3689415427675655e-05,0.0015402919556493089,3.991600109687701e-09,7.629006781151304e-05,6.780314780116536e-07,3.547552911780744e-11,6.3656072344332255e-12,1.216636422059214e-07,1.3689228030022704e-05,7.162390291861991e-10
2019-12-31,-173.61917999992147,-31.72865131573053,-0.0016523351261277242,-1.4625282144520302e-05,-0.2808392015767822,-1.5367521110310918,-8.002954389496608e-05,-0.009041577810180002,-2.2807501476079968e-08,-0.0004379567136689744,-3.876477842314208e-06,-2.0187559946230362e-10,-3.689247066200413e-11,-7.084206583192476e-07,-8.003594913552625e-05,-4.168037550456103e-09
2020-03-31,-27.141898665577173,-5.192634143051691,-0.00027398883152329745,-2.4172783470166603e-06,-0.04581223989453065,-0.23946057792636566,-1.2635113919690077e-05,-0.0014321396223522243,-3.4848355223086706e-09,-6.604457493963878e-05,-5.826811262862885e-07,-3.074511250761132e-11,-5.88198058298957e-12,-1.1147524895359362e-07,-1.263527356787364e-05,-6.666989711630366e-10
2020-06-30,-271.4047616671305,-174.76159798260778,-0.010126290537328941,-8.972514852456648e-05,-1.548495006891244,-2.4048127457026567,-0.0001393431556585556,-0.015726129204466588,-1.2540706219896051e-08,-0.00021643007878791032,-1.917703318192465e-06,-1.1111835316551496e-10,-7.155077473628744e-11,-1.2348379383082808e-06,-0.0001393625748795646,-8.075148885965154e-09
2020-09-30,162.73068800009787,130.39317948720418,0.007025201615348919,6.168517855575928e-05,1.1449246583233617,1.4288659735866531,7.698310283776877e-05,0.008767451615966593,5.175835704148736e-09,9.606751676582981e-05,8.435262430252222e-07,4.544671698639197e-11,3.6415638610919506e-11,6.75902438322315e-07,7.697717689580941e-05,4.147304250118832e-09
2020-12-31,848.3401246671565,694.2226879436057,0.03699013745492152,0.00032323017026480994,6.06631207843202,7.413033359844121,0.00039498726806352913,0.045201947969928824,2.5708097495041275e-08,0.00048248386658933384,4.2160790166747425e-06,2.2464454858072554e-10,1.8383350947695043e-10,3.4501464948235444e-06,0.00039483131472117794,2.103772299103673e-08
2021-03-31,712.7412733342499,594.4464331392664,0.031195276842453268,0.0002697340023731787,5.139958090991058,6.1628097510983935,0.00032341106884548054,0.03740313693410258,2.0342754055026986e-08,0.00038764450302264386,3.3518184123278866e-06,1.7589625821453403e-10,1.4670246723487373e-10,2.7955116032769844e-06,0.0003233065079422115,1.6966433740646142e-08
2021-06-30,489.39797000028193,411.60468460898846,0.02125145067425649,0.00018099742510857553,3.5056142387038562,4.168175329821679,0.00021520593845414382,0.02526797485171528,1.3208421684927875e-08,0.0002558248058044388,2.1788456627848396e-06,1.124953939081361e-10,9.461345156274126e-11,1.8325026600370803e-06,0.00021515963482299227,1.1108849188333546e-08
2021-09-30,-495.27480999939144,-420.08041560603306,-0.021576446051696507,-0.00018117004115780766,-3.5272716369800037,-4.1586532599976636,-0.00021359947852506167,-0.025438629894949827,-1.2937615648857823e-08,-0.0002518875882386862,-2.1150139656467976e-06,-1.0863273562162473e-10,-9.213972486991134e-11,-1.7939049751017344e-06,-0.00021364511300991929,-1.09733805333834e-08
2021-12-31,,,,,,,,,,,,,,,,
